"Classification(1)",Classification(2),2017.01,2017.02,2017.03,2017.04,2017.05,2017.06,2017.07,2017.08,2017.09,2017.10,2017.11,2017.12,2018.01,2018.02,2018.03,2018.04,2018.05,2018.06,2018.07,2018.08,2018.09,2018.10,2018.11,2018.12,2019.01,2019.02,2019.03,2019.04,2019.05,2019.06,2019.07,2019.08,2019.09,2019.10,2019.11,2019.12,2020.01,2020.02,2020.03,2020.04,2020.05,2020.06,2020.07,2020.08,2020.09,2020.10,2020.11,2020.12,2021.01,2021.02,2021.03,2021.04,2021.05,2021.06,2021.07,2021.08,2021.09,2021.10,2021.11,2021.12,2022.01,2022.02,2022.03,2022.04,2022.05,2022.06,2022.07,2022.08,2022.09,2022.10,2022.11,2022.12
"Total",Sub Summary,0.0270,0.0250,0.0270,0.0220,0.0210,0.0170,0.0150,0.0150,0.0190,0.0190,0.0260,0.0260,0.0260,0.0250,0.0230,0.0200,0.0170,0.0160,0.0130,0.0120,0.0140,0.0200,0.0290,0.0250,0.0270,0.0240,0.0210,0.0190,0.0180,0.0140,0.0110,0.0120,0.0130,0.0160,0.0230,0.0240,0.0220,0.0200,0.0170,0.0140,0.0120,0.0120,0.0100,0.0090,0.0110,0.0170,0.0200,0.0220,0.0200,0.0190,0.0190,0.0140,0.0120,0.0110,0.0100,0.0090,0.0090,0.0140,0.0200,0.0210,0.0220,0.0170,0.0170,0.0130,0.0110,0.0090,0.0090,0.0090,0.0100,0.0130,0.0190,0.0190
"Seoul",Seoul,0.0350,0.0350,0.0380,0.0310,0.0280,0.0240,0.0230,0.0210,0.0270,0.0270,0.0330,0.0340,0.0350,0.0340,0.0330,0.0310,0.0250,0.0240,0.0190,0.0170,0.0190,0.0280,0.0390,0.0350,0.0390,0.0360,0.0340,0.0290,0.0280,0.0200,0.0180,0.0180,0.0210,0.0250,0.0340,0.0350,0.0340,0.0320,0.0270,0.0210,0.0200,0.0190,0.0160,0.0140,0.0160,0.0250,0.0300,0.0320,0.0310,0.0300,0.0320,0.0220,0.0190,0.0180,0.0160,0.0150,0.0140,0.0220,0.0310,0.0310,0.0320,0.0260,0.0260,0.0200,0.0150,0.0130,0.0140,0.0130,0.0160,0.0200,0.0280,0.0280
"Busan",Busan,0.0240,0.0210,0.0220,0.0210,0.0210,0.0180,0.0170,0.0130,0.0170,0.0160,0.0250,0.0230,0.0220,0.0220,0.0210,0.0190,0.0180,0.0190,0.0160,0.0120,0.0140,0.0190,0.0270,0.0230,0.0240,0.0220,0.0200,0.0190,0.0210,0.0160,0.0150,0.0140,0.0150,0.0170,0.0230,0.0260,0.0210,0.0200,0.0160,0.0140,0.0140,0.0150,0.0140,0.0110,0.0120,0.0170,0.0200,0.0200,0.0190,0.0180,0.0170,0.0150,0.0140,0.0140,0.0100,0.0110,0.0100,0.0150,0.0210,0.0210,0.0210,0.0160,0.0180,0.0160,0.0150,0.0100,0.0120,0.0110,0.0100,0.0130,0.0190,0.0170
"Daegu",Daegu,0.0280,0.0250,0.0240,0.0190,0.0180,0.0140,0.0130,0.0120,0.017*,0.018*,0.0280,0.0280,0.0270,0.0250,0.0220,0.0170,0.0130,0.0130,0.0100,0.0100,0.0140,0.0210,0.0330,0.0290,0.0290,0.0260,0.0210,0.0170,0.0160,0.0130,0.0110,0.0120,0.0130,0.0170,0.0260,0.0300,0.0270,0.0230,0.0170,0.0130,0.0110,0.0120,0.0110,0.0090,0.0130,0.0190,0.0240,0.0240,0.0230,0.0220,0.0180,0.0130,0.0120,0.0100,0.0090,0.0100,0.0100,0.0160,0.0240,0.0250,0.0250,0.0180,0.0180,0.0130,0.0110,0.0080,0.0080,0.0090,0.0100,0.0140,0.0250,0.0230
"Incheon",Incheon,0.0270,0.0260,0.0300,0.0250,0.0220,0.0180,0.0180,0.0190,0.0220,0.0220,0.0260,0.0310,0.0290,0.0270,0.0290,0.0270,0.0230,0.0220,0.0170,0.0160,0.0190,0.0260,0.0350,0.0300,0.0320,0.0290,0.0280,0.0260,0.0230,0.0170,0.0150,0.0150,0.0210,0.0230,0.0310,0.0310,0.0280,0.0270,0.0230,0.0170,0.0170,0.0160,0.0140,0.0120,0.0150,0.0210,0.0270,0.0270,0.0270,0.0240,0.0280,0.0210,0.0170,0.0170,0.0140,0.0140,0.0140,0.0200,0.0260,0.0280,0.0260,0.0220,0.0240,0.0180,0.0140,0.0120,0.0120,0.0110,0.0150,0.0190,0.0260,0.0240
"Gwangju",Gwangju,0.0230,0.0220,0.0250,0.0180,0.0170,0.0150,0.0110,0.0120,0.0150,0.0170,0.0260,0.0240,0.0240,0.0240,0.0190,0.0160,0.0130,0.0110,0.0090,0.0080,0.0130,0.0190,0.0300,0.0240,0.0250,0.0200,0.0220,0.0190,0.0170,0.0140,0.0110,0.0110,0.0120,0.0170,0.0230,0.0250,0.0210,0.0180,0.0150,0.0130,0.0100,0.0090,0.0080,0.0060,0.0110,0.0160,0.0190,0.0220,0.0210,0.0190,0.0160,0.0130,0.0090,0.0090,0.0070,0.0080,0.0090,0.0130,0.0210,0.0210,0.0200,0.0170,0.0160,0.0130,0.0110,0.0070,0.0060,0.0070,0.0110,0.0140,0.0210,0.0220
"Daejeon",Daejeon,0.0240,0.0230,0.0210,0.0160,0.0150,0.0140,0.0110,0.0120,0.0160,0.0180,0.0230,0.0240,0.0260,0.0280,0.0220,0.0170,0.0140,0.0140,0.0110,0.0110,0.0120,0.0200,0.0300,0.0280,0.0290,0.0270,0.0230,0.0180,0.0170,0.0130,0.0110,0.0110,0.0130,0.0180,0.0250,0.0280,0.0260,0.0230,0.0180,0.0140,0.0110,0.0120,0.0100,0.0100,0.0120,0.0210,0.0240,0.0270,0.0250,0.0200,0.0210,0.0150,0.0120,0.0120,0.0090,0.0110,0.0110,0.0180,0.0240,0.0250,0.0270,0.0220,0.0210,0.0160,0.0130,0.0100,0.0100,0.0100,0.0120,0.0170,0.0250,0.0250
"Ulsan",Ulsan,0.0240,0.0230,0.0250,0.0240,0.0260,0.0200,0.0190,0.0120,0.0170,0.0160,0.0280,0.0250,0.0240,0.0240,0.0230,0.0210,0.0190,0.0200,0.0170,0.0130,0.0130,0.0180,0.0270,0.0220,0.0240,0.0220,0.0220,0.0210,0.0240,0.0190,0.0160,0.0140,0.0150,0.0160,0.0220,0.0250,0.0210,0.0210,0.0180,0.0160,0.0150,0.0180,0.0150,0.0130,0.0140,0.0170,0.0220,0.0230,0.0220,0.0210,0.0200,0.0180,0.0170,0.0160,0.0130,0.0130,0.0110,0.0150,0.0210,0.0210,0.0220,0.0180,0.0190,0.0180,0.0170,0.0130,0.0140,0.0130,0.0120,0.0140,0.0200,0.0180
"Sejong-si",Sejong-si,0.0270,0.0250,0.0240,0.0180,0.0150,0.0140,0.0120,0.0130,0.0200,0.0220,0.0210,0.0250,0.0280,0.0250,0.0190,0.0150,0.0130,0.0140,0.0110,0.0080,0.0120,0.0210,0.0310,0.0260,0.0240,0.0210,0.0220,0.0180,0.0180,0.0150,0.0120,0.0130,0.0150,0.0190,0.0260,0.0290,0.0270,0.0240,0.0190,0.0140,0.0120,0.0120,0.0100,0.0090,0.0120,0.0200,0.0240,0.0250,0.0250,0.0200,0.0200,0.0150,0.0120,0.0110,0.0090,0.0100,0.0100,0.0160,0.0210,0.0240,0.0250,0.0200,0.0180,0.0150,0.0110,0.0090,0.0090,0.0090,0.0120,0.0160,0.0230,0.0210
"Gyeonggi",Suwon,0.0410,0.0380,0.0420,0.0310,0.0280,0.0230,0.020*,0.0220,0.0300,0.0310,0.0360,0.0370,0.0390,0.0370,0.0310,0.0280,0.0240,0.0240,0.0170,0.0170,0.0210,0.0330,0.0460,0.0400,0.0450,0.0390,0.0340,0.0290,0.0260,0.0200,0.0150,0.0180,0.0210,0.0260,0.0350,0.0380,0.0370,0.0330,0.0270,0.0190,0.0190,0.0180,0.0150,0.0120,0.0170,0.0290,0.0340,0.0360,0.0330,0.0310,0.0320,0.0230,0.0190,0.0180,0.0150,0.0150,0.0140,0.0240,0.0330,0.0340,0.0370,0.0300,0.0280,0.0190,0.0150,0.0120,0.0120,0.0120,0.0170,0.0240,0.0320,0.0300
"Gyeonggi",Anyang,0.0300,0.0300,0.0360,0.0320,0.0270,0.0220,0.0220,0.0230,0.0310,0.0300,0.0360,0.0390,0.0420,0.0410,0.0390,0.0320,0.0250,0.0240,0.0190,0.0170,0.0220,0.0300,0.0410,0.0410,0.0450,0.0400,0.0330,0.0300,0.0270,0.0200,0.0150,0.0170,0.0220,0.0270,0.0360,0.0380,0.0380,0.0330,0.0300,0.0220,0.0200,0.0190,0.0150,0.0120,0.0150,0.0270,0.0350,0.0340,0.0330,0.0310,0.0330,0.0230,0.0200,0.0190,0.0150,0.0140,0.0140,0.0220,0.0300,0.0300,0.0320,0.0260,0.0260,0.0200,0.0150,0.0120,0.0120,0.0110,0.0150,0.0210,0.0290,0.0290
"Gyeonggi",Seongnam,0.0410,0.0390,0.0430,0.0330,0.0310,0.0270,0.0220,0.0210,0.0270,0.0290,0.0370,0.0380,0.0400,0.0390,0.0340,0.0300,0.0260,0.0260,0.0200,0.0190,0.0220,0.0310,0.0430,0.0390,0.0440,0.0400,0.0360,0.0290,0.0290,0.0220,0.0180,0.0200,0.0200,0.0250,0.0350,0.0360,0.0350,0.0320,0.0290,0.0220,0.0210,0.0210,0.0160,0.0130,0.0160,0.0280,0.0330,0.0330,0.0290,0.0300,0.0310,0.0220,0.0190,0.0170,0.0140,0.0140,0.0130,0.0230,0.0320,0.0310,0.0340,0.0270,0.0260,0.0190,0.0160,0.0130,0.0130,0.0120,0.0150,0.0210,0.0290,0.0290
"Gyeonggi",Uijeongbu,0.0320,0.0310,0.0320,0.0280,0.0180,0.0150,0.0160,0.0130,0.0230,0.0240,0.0310,0.0290,0.0260,0.0250,0.0230,0.0130,0.0120,0.0100,0.0080,0.0080,0.0100,0.0210,0.0320,0.0340,0.0380,0.0320,0.0310,0.0230,0.0220,0.0160,0.0150,0.0150,0.0180,0.0220,0.0320,0.0350,0.0330,0.0290,0.0240,0.0200,0.0160,0.0140,0.0130,0.0130,0.0140,0.0240,0.0270,0.0290,0.0280,0.0270,0.0260,0.0210,0.0180,0.0150,0.0130,0.0130,0.0130,0.0190,0.0290,0.0290,0.0310,0.0260,0.0240,0.0190,0.0150,0.0130,0.0120,0.0130,0.0140,0.0170,0.0240,0.0250
"Gyeonggi",Gwangmyeong,0.0330,0.0330,0.0370,0.0300,0.0290,0.0280,0.0250,0.0260,0.0360,0.0370,0.0360,0.0370,0.0380,0.0370,0.0360,0.0340,0.0280,0.0290,0.0200,0.0200,0.0230,0.0320,0.0450,0.0390,0.0430,0.0380,0.0390,0.0330,0.0310,0.0250,0.0220,0.0220,0.0280,0.0320,0.0390,0.0360,0.0360,0.0320,0.0270,0.0200,0.0210,0.0190,0.0140,0.0110,0.0150,0.0240,0.0290,0.0280,0.0290,0.0260,0.0300,0.0200,0.0170,0.0180,0.0150,0.0140,0.0130,0.0220,0.0310,0.0310,0.0310,0.0250,0.0270,0.0190,0.0140,0.0120,0.0120,0.0120,0.0170,0.0230,0.0300,0.0280
"Gyeonggi",Ansan,0.0350,0.0330,0.0350,0.0280,0.0240,0.0200,0.0170,0.0190,0.0280,0.0280,0.0300,0.0310,0.0340,0.0310,0.0270,0.0250,0.0210,0.0200,0.0150,0.0150,0.0200,0.0290,0.0410,0.0340,0.0360,0.0320,0.0290,0.0260,0.0230,0.0190,0.0140,0.0150,0.0210,0.0290,0.0370,0.0370,0.0370,0.0320,0.0260,0.0190,0.0180,0.0170,0.0150,0.010*,0.016*,0.0260,0.0300,0.0300,0.0290,0.0270,0.0290,0.0220,0.0180,0.0170,0.0140,0.0140,0.0140,0.0210,0.0300,0.0310,0.0330,0.0270,0.0270,0.0200,0.0140,0.0100,0.0110,0.0110,0.0160,0.0230,0.0290,0.0290
"Gyeonggi",Pyeongtaek,0.0280,0.0270,0.0280,0.0250,0.0220,0.0180,0.0170,0.0180,0.0230,0.0250,0.0270,0.0310,0.0350,0.0290,0.0250,0.023*,0.019*,0.0170,0.0140,0.0120,0.0150,0.0240,0.0330,0.0290,0.0300,0.0270,0.0240,0.0210,0.0170,0.0130,0.0120,0.0140,0.0160,0.0210,0.0280,0.0280,0.0290,0.0250,0.0200,0.0140,0.0130,0.0130,0.0110,0.0100,0.0130,0.0220,0.0260,0.0280,0.0260,0.0230,0.0230,0.0170,0.0140,0.0130,0.0110,0.0120,0.0110,0.0180,0.0240,0.0260,0.0280,0.0220,0.0220,0.0170,0.0130,0.0100,0.0090,0.0090,0.0130,0.0180,0.0250,0.0250
"Gyeonggi",Gwacheon,0.0350,0.0330,0.0370,0.0290,0.0260,0.0240,0.0190,0.0180,0.0260,0.0260,0.0310,0.0300,0.0320,0.0320,0.0300,0.0290,0.0250,0.0250,0.0180,0.0170,0.0190,0.0280,0.0390,0.0350,0.0390,0.0360,0.0330,0.0280,0.0270,0.0210,0.0170,0.0180,0.0210,0.0240,0.0330,0.0340,0.0350,0.0300,0.0250,0.0190,0.0200,0.0190,0.0160,0.0130,0.0180,0.0270,0.0290,0.0320,0.0300,0.0280,0.0320,0.0220,0.0190,0.0180,0.0150,0.0140,0.0140,0.0200,0.0290,0.0290,0.0330,0.0250,0.024**,0.018*,0.0150,0.0130,0.0130,0.0120,0.0150,0.0210,0.0280,0.0280
"Gyeonggi",Guri,0.0320,0.0300,0.0350,0.0280,0.0260,0.0210,0.0200,0.0170,0.0230,0.0230,0.0320,0.0340,0.0350,0.0330,0.0340,0.0290,0.0230,0.0220,0.0160,0.0130,0.0150,0.0220,0.0320,0.0300,0.0360,0.0290,0.0280,0.0240,0.0250,0.018*,0.0160,0.0150,0.0160,0.0200,0.0280,0.0290,0.0280,0.0260,0.0210,0.0190,0.0160,0.0140,0.0120,0.0120,0.0120,0.0180,0.0230,0.0240,0.0220,0.0210,0.0220,0.0160,0.0140,0.0130,0.0110,0.0100,0.0090,0.0150,0.0210,0.0210,0.0220,0.0170,0.0180,0.0150,0.0120,0.0100,0.0090,0.0100,0.0110,0.0150,0.0230,0.0240
"Gyeonggi",Uiwang,0.0370,0.0380,0.0450,0.0360,0.0330,0.0280,0.0220,0.0200,0.0320,0.0310,0.0380,0.0400,0.0430,0.0420,0.0300,0.0300,0.0240,0.0240,0.0170,0.0160,0.0200,0.0300,0.0430,0.0380,0.0420,0.0390,0.0340,0.0290,0.0280,0.0210,0.0160,0.0170,0.0210,0.0260,0.0350,0.0370,0.0380,0.0330,0.0290,0.0180,0.0190,0.0190,0.0130,0.0110,0.0180,0.0290,0.0320,0.0330,0.0320,0.0300,0.0320,0.019**,0.0170,0.0180,0.0140,0.0140,0.0140,0.0220,0.0300,0.0330,0.0370,0.0300,0.0270,0.0210,0.0150,0.0130,0.0120,0.0110,0.0180,0.0240,0.0330,0.0320
"Gyeonggi",Goyang,0.0260,0.0250,0.0280,0.0280,0.0220,0.0180,0.0180,0.0150,0.0190,0.0190,0.0270,0.0290,0.0270,0.0260,0.0270,0.0220,0.0180,0.0150,0.0120,0.0110,0.0140,0.0220,0.0310,0.0280,0.0320,0.0270,0.0250,0.0200,0.0180,0.0130,0.0110,0.0120,0.0150,0.0180,0.0250,0.0250,0.0240,0.0220,0.0190,0.0160,0.0140,0.0130,0.0120,0.0120,0.0140,0.0200,0.0240,0.0270,0.0260,0.0250,0.0250,0.0190,0.0160,0.0160,0.0140,0.0120,0.012*,0.0190,0.0270,0.0270,0.0270,0.0220,0.0210,0.0180,0.0140,0.0110,0.0100,0.0110,0.0120,0.0170,0.0240,0.0240
"Gyeonggi",Gwangju,0.0410,0.0390,0.0420,0.0330,0.0310,0.0280,0.0230,0.023**,0.0250,0.0260,0.0380,0.0400,0.0410,0.0400,0.0300,0.0270,0.0230,0.0240,0.0180,0.0150,0.0160,0.0260,0.0370,0.0370,0.0420,0.0380,0.0350,0.0270,0.0280,0.0210,0.0170,0.0160,0.0160,0.0200,0.0320,0.0360,0.0330,0.0290,0.0260,0.0190,0.0160,0.0160,0.0120,0.0110,0.0120,0.0220,0.0300,0.0270,0.0230,0.0220,0.0240,0.0170,0.0130,0.0120,0.0110,0.0100,0.0100,0.0160,0.0250,0.0260,0.0320,0.0240,0.0230,0.0180,0.0140,0.0110,0.0110,0.0100,0.0110,0.0170,0.0250,0.0280
"Gyeonggi",Gunpo,0.0390,0.0370,0.0390,0.0300,0.0280,0.0210,0.0180,0.0180,0.0260,0.0250,0.0330,0.0340,0.043*,0.0420,0.0310,0.0290,0.0240,0.0220,0.0170,0.0170,0.0180,0.0300,0.0430,0.0380,0.0390,0.0350,0.0270,0.0240,0.0210,0.0160,0.0140,0.019*,0.0240,0.0260,0.0340,0.0360,0.0360,0.0320,0.0270,0.0180,0.0180,0.0180,0.0150,0.0130,0.0160,0.0260,0.0300,0.0330,0.0330,0.0290,0.0300,0.0220,0.0190,0.0180,0.0140,0.0150,0.0140,0.0230,0.0290,0.0310,0.0320,0.0250,0.0250,0.0200,0.0150,0.0120,0.0120,0.0120,0.0150,0.0200,0.0300,0.0300
"Gyeonggi",Siheung,0.0380,0.0360,0.0390,0.0330,0.0290,0.0230,0.0240,0.0250,0.0320,0.0320,0.0350,0.0350,0.0380,0.0340,0.0330,0.0310,0.0260,0.0250,0.0200,0.0190,0.0230,0.0320,0.0430,0.0360,0.0390,0.0350,0.0330,0.0300,0.0260,0.0200,0.0160,0.0180,0.0250,0.0290,0.0360,0.0370,0.0360,0.0320,0.0280,0.0200,0.0200,0.0200,0.0180,0.0130,0.0180,0.0270,0.0310,0.0310,0.032*,0.0270,0.0280,0.0220,0.0180,0.0180,0.0160,0.0150,0.0140,0.0210,0.0290,0.0310,0.0320,0.0260,0.0270,0.0200,0.0150,0.0120,0.0130,0.0120,0.0180,0.0230,0.0310,0.0300
"Gyeonggi",Bucheon,0.0340,0.0330,0.0360,0.0310,0.0280,0.0240,0.0220,0.0230,0.0290,0.0270,0.0280,0.0310,0.0310,0.0280,0.0290,0.0280,0.025*,0.0250,0.0190,0.0190,0.0220,0.0290,0.0370,0.0310,0.0340,0.0310,0.0290,0.0270,0.0270,0.0240,0.0190,0.0190,0.0250,0.0300,0.0370,0.0360,0.0340,0.0320,0.0290,0.0220,0.0220,0.0210,0.0190,0.0140,0.0200,0.0300,0.0330,0.0320,0.0310,0.0280,0.0320,0.0230,0.0200,0.0200,0.0190,0.0160,0.0170,0.0260,0.0330,0.0350,0.0320,0.0270,0.0280,0.0200,0.0150,0.0140,0.0150,0.0140,0.0190,0.0230,0.0320,0.0280
"Gyeonggi",Namyangju,0.0290,0.0290,0.0300,0.0230,0.0220,0.0180,0.0160,0.0110,0.0170,0.0170,0.0260,0.0290,0.0290,0.0260,0.0250,0.0210,0.0180,0.0180,0.0130,0.0130,0.0120,0.018*,0.0280,0.0270,0.0330,0.0290,0.0290,0.0230,0.0230,0.0170,0.0140,0.0130,0.0130,0.0170,0.0260,0.0280,0.0280,0.0270,0.0220,0.0180,0.0160,0.0160,0.0110,0.0100,0.0120,0.0200,0.0260,0.0280,0.0230,0.0240,0.0230,0.0150,0.0130,0.0120,0.0090,0.0090,0.0080,0.0150,0.0240,0.0240,0.0270,0.0220,0.0210,0.0170,0.0140,0.0110,0.0090,0.0100,0.0100,0.0140,0.0210,0.0240
"Gyeonggi",Yongin,0.0360,0.0350,0.0370,0.0300,0.0270,0.0240,0.0200,0.0200,0.0270,0.0270,0.0340,0.0360,0.0390,0.0380,0.0310,0.0280,0.0240,0.0240,0.0190,0.0180,0.0210,0.0300,0.0420,0.0390,0.0440,0.0430,0.0360,0.0290,0.0220,0.0170,0.0130,0.0140,0.0170,0.0200,0.0300,0.0320,0.0310,0.0270,0.0230,0.0170,0.0140,0.0140,0.0120,0.0100,0.0130,0.0220,0.0270,0.0300,0.0280,0.0250,0.0260,0.0180,0.0150,0.0140,0.0110,0.0110,0.0110,0.0180,0.0260,0.0260,0.0300,0.0240,0.0230,0.0170,0.0130,0.0100,0.0100,0.0090,0.0120,0.0170,0.0250,0.0270
"Gyeonggi",Kimpo,0.0270,0.0250,0.0240,0.0200,0.0170,0.0130,0.0150,0.0140,0.0190,0.0180,0.0250,0.0270,0.0250,0.0250,0.0240,0.0210,0.0160,0.0140,0.0110,0.0110,0.0140,0.0190,0.0250,0.0240,0.0250,0.0200,0.0180,0.0150,0.0140,0.0090,0.0090,0.0100,0.0120,0.0160,0.0220,0.0240,0.0190,0.0170,0.0140,0.0120,0.0120,0.0100,0.0090,0.0100,0.0100,0.0150,0.0200,0.0220,0.0220,0.0190,0.0210,0.0130,0.0110,0.0110,0.0100,0.0100,0.0100,0.016*,0.023*,0.0220,0.0200,0.0170,0.0170,0.0130,0.0090,0.0080,0.0090,0.0090,0.0100,0.0130,0.0200,0.0210
"Gyeonggi",Osan,0.0380,0.0350,0.0380,0.0300,0.0270,0.0210,0.0170,0.0200,0.0260,0.0280,0.0340,0.0330,0.0370,0.0350,0.0300,0.0270,0.0220,0.0200,0.0150,0.0190,0.0230,0.0310,0.0450,0.0330,0.0360,0.0340,0.0340,0.0300,0.0260,0.0190,0.0170,0.0200,0.0240,0.0280,0.0350,0.0350,0.0350,0.0300,0.0270,0.0210,0.0180,0.0180,0.0170,0.0130,0.0180,0.0290,0.0320,0.0330,0.0310,0.0300,0.0300,0.0250,0.0210,0.0200,0.0150,0.0170,0.0180,0.0250,0.0320,0.0320,0.0350,0.0280,0.0280,0.0230,0.0170,0.0130,0.014**,0.0140,0.0180,0.0250,0.0330,0.0310
"Gyeonggi",Hanam,0.0430,0.0420,0.0470,0.0390,0.0400,0.0340,0.0280,0.0230,0.0310,0.0300,0.0370,0.0380,0.0400,0.0410,0.0370,0.0360,0.0320,0.0290,0.0230,0.0210,0.0200,0.0300,0.0400,0.0370,0.0450,0.0390,0.0380,0.0330,0.0330,0.0240,0.0190,0.0220,0.0210,0.0240,0.0340,0.0330,0.0350,0.0330,0.0300,0.0250,0.0200,0.0230,0.0170,0.0150,0.0150,0.0250,0.0300,0.0330,0.0280,0.0280,0.0300,0.0230,0.0190,0.0170,0.0130,0.0130,0.0110,0.0190,0.0300,0.0280,0.0350,0.0290,0.0280,0.0220,0.0190,0.0150,0.0150,0.0160,0.0160,0.0210,0.0270,0.0270
"Gyeonggi",Hwaseong,0.0280,0.0250,0.0270,0.0210,0.0170,0.0140,0.0140,0.0150,0.0190,0.0200,0.0250,0.0270,0.0280,0.0250,0.0240,0.022*,0.017*,0.0140,0.0110,0.0100,0.0130,0.0210,0.0310,0.0270,0.0280,0.0240,0.0190,0.0180,0.0150,0.0120,0.0110,0.0120,0.0140,0.0170,0.0240,0.0250,0.0240,0.0210,0.0170,0.0140,0.0130,0.0120,0.0100,0.0070,0.0110,0.0200,0.0250,0.0250,0.0230,0.0210,0.0220,0.0160,0.0130,0.0130,0.0100,0.0110,0.0110,0.0170,0.0220,0.0250,0.0260,0.0200,0.0200,0.0140,0.0100,0.0080,0.0080,0.0090,0.0120,0.0170,0.0220,0.0250
"Gyeonggi",Yangju,0.0220,0.0210,0.0220,0.0180,0.0160,0.0120,0.0110,0.0090,0.017**,0.0140,0.0200,0.0230,0.0190,0.0170,0.0130,0.0110,0.0090,0.0080,0.0070,0.0060,0.0080,0.0140,0.0240,0.0200,0.0260,0.0210,0.0200,0.0150,0.0150,0.0110,0.0100,0.0100,0.0130,0.0160,0.0220,0.0230,0.0200,0.0180,0.0150,0.0130,0.0110,0.0110,0.0100,0.0100,0.0110,0.0160,0.0210,0.0220,0.0210,0.0190,0.0180,0.0140,0.0120,0.0110,0.0100,0.0100,0.0090,0.0140,0.019*,0.0210,0.0210,0.0160,0.0150,0.0120,0.0100,0.0080,0.0070,0.0090,0.0110,0.0140,0.0190,0.0220
"Gyeonggi",Dongducheon,0.0230,0.0230,0.0240,0.0180,0.0170,0.0120,0.0110,0.010**,0.0120,0.0140,0.0280,0.0330,0.0240,0.0240,0.0190,0.0150,0.0120,0.0090,0.0080,0.0080,0.0100,0.0150,0.0210,0.0230,0.0280,0.0230,0.0220,0.0150,0.0110,0.0080,0.0080,0.0080,0.0100,0.0120,0.0180,0.0240,0.0210,0.0200,0.0170,0.0120,0.0100,0.0090,0.0070,0.0070,0.0080,0.0130,0.0210,0.0240,0.0240,0.0220,0.0180,0.0130,0.0100,0.0080,0.0070,0.0070,0.0070,0.0120,0.0200,0.0210,0.0220,0.0180,0.0160,0.0120,0.0080,0.0070,0.0060,0.0070,0.0070,0.0100,0.0170,0.0180
"Gyeonggi",Anseong,0.0280,0.0250,0.0250,0.0160,0.0140,0.0130,0.0110,0.0110,0.0150,0.0160,0.0210,0.0230,0.0260,0.0240,0.0170,0.0140,0.0090,0.0090,0.0070,0.010*,0.0110,0.0170,0.0260,0.0270,0.0290,0.0250,0.0210,0.0170,0.0160,0.0120,0.0110,0.0110,0.0110,0.0150,0.0230,0.0240,0.0230,0.0210,0.0180,0.0130,0.0110,0.0110,0.0080,0.0080,0.0100,0.0170,0.0200,0.0220,0.0180,0.0170,0.0150,0.0120,0.0090,0.0090,0.0070,0.0080,0.0080,0.0130,0.0200,0.0220,0.0240,0.0180,0.0160,0.0130,0.0110,0.0080,0.0080,0.0080,0.0090,0.0140,0.0190,0.0210
"Gyeonggi",Icheon,0.0310,0.0280,0.0280,0.0190,0.0180,0.0150,0.0140,0.0130,0.0180,0.0200,0.0280,0.0290,0.0300,0.0300,0.0200,0.0160,0.0140,0.0140,0.0120,0.0100,0.0120,0.0220,0.0380,0.0330,0.0350,0.0250,0.0190,0.0170,0.0150,0.0110,0.0090,0.0100,0.0110,0.0150,0.0230,0.0260,0.0250,0.0210,0.0180,0.0130,0.0110,0.0110,0.0080,0.0080,0.0100,0.021*,0.0250,0.0270,0.0230,0.0220,0.0200,0.0150,0.0110,0.0090,0.0090,0.0080,0.0090,0.0150,0.0220,0.0220,0.0250,0.0200,0.0190,0.0130,0.0110,0.0090,0.0090,0.0080,0.0090,0.0140,0.0210,0.0230
"Gyeonggi",Paju,0.0290,0.0280,0.0300,0.0220,0.0190,0.0150,0.0150,0.0130,0.0190,0.0190,0.0270,0.0320,0.0280,0.0270,0.0240,0.0210,0.0170,0.0150,0.0110,0.0110,0.0140,0.0200,0.0290,0.0280,0.0330,0.0260,0.0260,0.0220,0.0200,0.0130,0.0130,0.0120,0.0140,0.0180,0.0260,0.0290,0.0230,0.0200,0.0190,0.0140,0.0130,0.0110,0.0090,0.0090,0.0100,0.0160,0.0220,0.0250,0.0230,0.0210,0.0220,0.0150,0.0120,0.0120,0.0100,0.0090,0.0080,0.0140,0.0230,0.0240,0.0240,0.0210,0.0200,0.0150,0.0110,0.0080,0.0070,0.0080,0.0090,0.0130,0.0200,0.0220
"Gyeonggi",Pocheon,0.0230,0.0230,0.0230,0.0160,0.0150,0.0110,0.0120,0.0100,0.0150,0.0180,0.0230,0.0250,0.0190,0.0180,0.0160,0.0130,0.0100,0.0090,0.0070,0.0070,0.0080,0.0120,0.0180,0.0190,0.0220,0.0170,0.0170,0.0130,0.0130,0.0140,0.0180,0.0110,0.0100,0.0110,0.0130,0.0200,0.0260,0.0230,0.0200,0.0140,0.0070,0.0070,0.0060,0.0060,0.0060,0.0120,0.0160,0.0180,0.0170,0.0150,0.0150,0.0110,0.0080,0.0070,0.0060,0.0060,0.0060,0.0100,0.0160,0.0160,0.0180,0.0140,0.0120,0.0090,0.0080,0.0060,0.0050,0.0050,0.0060,0.0090,0.0120,0.0150
"Gyeonggi",Yeoju,0.0320,0.0300,0.0290,0.0200,0.0170,0.0140,0.0130,0.0110,0.0150,0.0180,0.0260,0.0290,0.0310,0.0290,0.0230,0.0190,0.0150,0.0130,0.0100,0.0090,0.0100,0.0190,0.0260,0.0270,0.0310,0.0240,0.0240,0.0190,0.0160,0.0120,0.0100,0.0080,0.0110,0.0160,0.0240,0.0280,0.0220,0.0200,0.0160,0.0120,0.0090,0.0090,0.0070,0.0060,0.0070,0.0140,0.0180,0.0230,0.0190,0.0180,0.0160,0.0130,0.0100,0.0090,0.008*,0.0080,0.0080,0.0130,0.0190,0.0180,0.0230,0.0170,0.0150,0.0110,0.0110,0.0080,0.0080,0.0070,0.0080,0.0120,0.0180,0.0210
"Gyeonggi",Yeoncheon,0.0140,0.0130,0.0130,0.0100,0.0090,0.0070,0.0070,0.0060,0.0070,0.0090,0.0130,0.0170,0.0140,0.0140,0.0130,0.0100,0.0060,0.0050,0.0040,0.0040,0.0060,0.0090,0.0130,0.0150,0.0160,0.0130,0.0130,0.0090,0.0070,0.0050,0.0060,0.0050,0.0050,0.0070,0.0120,0.0140,0.0120,0.0110,0.0100,0.0080,0.0060,0.0060,0.0050,0.0050,0.0060,0.0090,0.0120,0.0130,0.0140,0.0130,0.0100,0.0070,0.0060,0.0050,0.0050,0.0040,0.0040,0.0070,0.0110,0.0130,0.012**,0.009**,0.0090,0.0060,0.0060,0.0040,0.0030,0.004*,0.0040,0.0060,0.0100,0.0110
"Gyeonggi",Gapyeong,0.0190,0.0200,0.0180,0.0130,0.0120,0.0100,0.0100,0.0080,0.0080,0.0090,0.0150,0.0180,0.0200,0.0170,0.0160,0.0100,0.0080,0.0070,0.0070,0.0060,0.0060,0.0090,0.0150,0.0160,0.0200,0.0160,0.0120,0.0090,0.0100,0.0080,0.0080,0.0060,0.0060,0.0080,0.0130,0.0170,0.0160,0.0150,0.0120,0.0090,0.0080,0.0080,0.0060,0.0060,0.0060,0.0100,0.0150,0.0170,0.0150,0.0150,0.0120,0.0100,0.0080,0.0070,0.0050,0.0050,0.005*,0.010**,0.015**,0.0140,0.0160,0.0120,0.0110,0.0090,0.0070,0.0060,0.0050,0.0050,0.0050,0.0080,0.0130,0.0150
"Gyeonggi",Yangpyeong,0.0210,0.0220,0.0210,0.0170,0.0140,0.0130,0.0110,0.0080,0.0100,0.0100,0.0180,0.0230,0.0240,0.0220,0.0180,0.0150,0.0120,0.0120,0.0090,0.0100,0.0080,0.0120,0.0190,0.0220,0.0290,0.0220,0.0210,0.0120,0.0110,0.0100,0.0080,0.0060,0.0050,0.0090,0.0160,0.0200,0.0180,0.0160,0.0150,0.0130,0.0100,0.0100,0.0070,0.0070,0.0070,0.0130,0.0210,0.0280,0.0230,0.0240,0.0210,0.0160,0.0090,0.0070,0.0060,0.0050,0.005**,0.0090,0.0160,0.0160,0.0210,0.0160,0.0140,0.0100,0.0080,0.0060,0.0050,0.0060,0.0050,0.0080,0.0140,0.0180
"Gyeonggi",Average for provinces,0.0330,0.0310,0.0340,0.0280,0.0240,0.0200,0.0180,0.0180,0.0250,0.0250,0.0310,0.0320,0.0330,0.0310,0.0280,0.0250,0.0210,0.0190,0.0150,0.0140,0.0170,0.0250,0.0360,0.0320,0.0360,0.0310,0.0280,0.0240,0.0220,0.0170,0.0140,0.0150,0.0180,0.0220,0.0300,0.0310,0.0300,0.0270,0.0230,0.0170,0.0160,0.0150,0.0120,0.0110,0.0130,0.0220,0.0270,0.0280,0.0260,0.0250,0.0250,0.0180,0.0150,0.0140,0.0120,0.0120,0.0110,0.0180,0.0260,0.0270,0.0290,0.0230,0.0220,0.0170,0.0130,0.0100,0.0100,0.0100,0.0130,0.0180,0.0250,0.0250
"Gangwon",Yanggu,-,-,-,-,-,-,-,-,-,-,-,-,-,-,-,-,-,-,-,-,-,-,-,-,0.013*,0.0120,0.0130,0.0080,0.0080,0.0050,0.0050,0.0040,0.0040,0.0060,0.0110,0.0140,0.0130,0.0110,0.0090,0.0070,0.0060,0.0060,0.0040,0.0040,0.0040,0.0070,0.0100,0.0130,0.0110,0.0110,0.0080,0.0060,0.0040,0.0050,0.0040,0.0040,0.0030,0.0050,0.0110,0.0130,0.0160,0.0120,0.0100,0.0080,0.0060,0.0050,0.0030,0.0040,0.0030,0.0050,0.0100,0.0150
"Gangwon",Goseong,-,-,-,-,-,-,-,-,-,-,-,-,-,-,-,-,-,-,-,-,-,-,-,0.0060,0.0080,0.0070,0.0080,0.0060,0.0060,0.0050,0.0040,0.0040,0.0040,0.0050,0.0060,0.0080,0.0060,0.0060,0.0060,0.0050,0.0040,0.0040,0.0030,0.0030,0.0030,0.0040,0.0050,0.0060,0.0050,0.0060,0.0060,0.0030,0.0020,0.0020,0.0030,0.0030,0.0030,0.0030,0.0050,0.0050,0.0060,0.0050,0.0060,0.0060,0.0050,0.0040,0.0030,0.0030,0.0030,0.0030,0.0050,0.0050
"Gangwon",Jeongseon,-,-,-,-,-,-,-,-,-,-,-,-,-,-,-,-,-,-,-,-,-,-,-,-,0.0170,0.0120,0.0080,0.0080,0.007*,0.004*,0.0050,0.0050,0.0060,0.0070,0.0120,0.0150,0.0120,0.0090,0.0110,0.0110,0.0100,0.0090,0.0070,0.0060,0.0060,0.0090,0.0100,0.0130,0.0110,0.0090,0.0080,0.0070,0.0050,0.0060,0.0050,0.0050,0.0060,0.0060,0.0100,0.0120,0.0140,0.0100,0.0090,0.0070,0.0060,0.0050,0.0050,0.0050,0.0030,0.0050,0.0080,0.0130
"Gangwon",Hoengseong,-,-,-,-,-,-,-,-,-,-,-,-,-,-,-,-,-,-,-,-,-,-,-,0.0180,0.0220,0.0140,0.0140,0.0110,0.0100,0.0080,0.0080,0.0080,0.0070,0.0110,0.0160,0.0190,0.0170,0.0150,0.0130,0.0110,0.0090,0.0090,0.0060,0.0060,0.0060,0.0110,0.0150,0.0160,0.0130,0.0120,0.0100,0.0070,0.0060,0.0060,0.0050,0.0050,0.0050,0.0070,0.0120,0.0160,0.0200,0.0150,0.0130,0.0090,0.0080,0.0070,0.0060,0.0070,0.0050,0.0090,0.0160,0.0190
"Gangwon",Chuncheon,0.023**,0.0220,0.0180,0.0150,0.0130,0.0100,0.0070,0.0070,0.0110,0.0130,0.0230,0.0280,0.0280,0.0240,0.0200,0.0140,0.0130,0.0100,0.0090,0.0080,0.0090,0.0170,0.0260,0.0270,0.0310,0.0210,0.0190,0.0140,0.0130,0.0100,0.0060,0.0060,0.0080,0.0120,0.0230,0.0230,0.0210,0.0190,0.0150,0.0100,0.0080,0.0070,0.0050,0.0050,0.005*,0.011*,0.0180,0.0210,0.0170,0.0150,0.0130,0.0090,0.0070,0.0060,0.0050,0.0050,0.0050,0.0090,0.0160,0.0180,0.0210,0.0150,0.0140,0.0100,0.0080,0.0060,0.0060,0.0050,0.0070,0.0090,0.0160,0.0200
"Gangwon",Gangneung,0.0110,0.0130,0.0150,0.0080,0.0140,0.0120,0.0110,0.0130,0.0120,0.0110,0.0120,0.0120,0.0200,0.0110,0.0150,0.0150,0.0130,0.0130,0.0110,0.0100,0.0120,0.006**,0.0180,0.0170,0.0170,0.0160,0.0140,0.0130,0.0120,0.0100,0.0080,0.0090,0.0090,0.009*,-,0.0150,0.0140,0.0140,0.0110,0.011**,0.0110,0.0100,0.0100,0.0110,0.0090,0.0100,0.0130,0.0140,0.0150,0.0140,0.0150,0.0110,0.0090,0.0100,0.0100,0.0100,0.0090,0.0080,0.0120,0.0130,0.0160,0.0120,0.0110,0.0090,0.0090,0.0080,0.0070,0.0090,0.0080,0.0120,0.0110,0.0100
"Gangwon",Wonju,0.0310,0.0300,0.0250,0.0170,0.0150,0.0140,0.0130,0.0110,0.0150,0.0190,0.0270,0.0270,0.0280,0.0270,0.0200,0.0170,0.0150,0.0140,0.0120,0.0120,0.0130,0.016*,0.0240,0.0240,0.0290,0.0240,0.0180,0.0150,0.0150,0.0110,0.0090,0.0090,0.0090,0.0130,0.0230,0.0270,0.0250,0.0220,0.0170,0.0140,0.010*,0.010*,0.0090,0.0080,0.0090,0.0150,0.0190,0.0260,0.0220,0.0200,0.0170,0.0130,0.0100,0.0080,0.0070,0.0070,0.0080,0.0120,0.0190,0.0210,0.0250,0.0190,0.0170,0.0130,0.0100,0.0080,0.0080,0.0080,0.0100,0.0130,0.0200,0.0230
"Gangwon",Donghae,0.0160,0.0140,0.0180,0.0140,0.0140,0.0150,0.0160,0.010*,0.020**,0.0170,0.0210,0.0170,0.0180,0.0170,0.0170,0.0150,0.0130,0.0150,0.0130,0.0140,0.0140,0.0160,0.0230,0.0200,0.0200,0.0180,0.0150,0.0170,0.0170,0.0140,0.0130,0.0130,0.0130,0.0150,0.019*,0.0180,0.0150,0.0150,0.0120,0.0110,0.0110,0.0110,0.0090,0.0110,0.0090,0.0140,0.0170,0.0150,0.0160,0.0140,0.0150,0.0120,0.0110,0.0100,0.0110,0.0100,0.0080,0.0110,0.0160,0.0160,0.0170,0.0120,0.0170,0.0120,0.0130,0.0100,0.0090,0.0110,0.0070,0.0100,0.0170,0.0130
"Gangwon",Samcheok,0.0190,0.0120,0.0130,0.0120,0.0150,0.0130,0.0130,0.0080,0.017**,0.0130,0.0190,0.0200,0.0180,0.0170,0.0160,0.0140,0.0120,0.0140,0.0110,0.0100,0.0100,0.0120,0.0190,0.0190,0.0190,0.0180,0.0160,0.0140,0.0140,0.0120,0.0100,0.0090,0.0080,0.0100,0.0160,0.0170,0.0150,0.0150,0.0110,0.0100,0.0090,0.0110,0.0080,0.0100,0.0070,0.0100,0.0140,0.0150,0.0140,0.0130,0.0130,0.0110,0.0100,0.0100,0.0080,0.0080,0.0070,0.0090,0.0140,0.0140,0.0160,0.0120,0.0140,0.0110,0.0100,0.0080,0.0080,0.0090,0.0070,0.0080,0.0150,0.0140
"Gangwon",Pyeongchang,-,-,-,-,-,-,-,-,-,-,-,-,0.0170,0.0130,0.0120,0.0080,0.0070,0.0060,0.0040,0.0040,0.0030,0.0090,0.0150,0.0160,0.0180,0.0120,0.0110,0.0080,0.0070,0.0070,0.0070,0.0060,0.0060,0.0070,0.0120,0.0170,0.0140,0.0110,0.0110,0.0080,0.0070,0.0050,0.008**,0.0090,0.0070,0.0080,0.0140,0.0150,0.0100,0.0110,0.0090,0.0070,0.0060,0.0050,0.0050,0.0050,0.0040,0.0070,0.0130,0.0130,0.0140,0.0100,0.0100,0.0080,0.0070,0.0070,0.0060,0.0060,0.0040,0.0050,0.0130,0.0160
"Gangwon",Yangyang,-,-,-,-,-,-,-,-,-,-,-,-,-,-,-,-,-,-,-,-,-,-,-,-,0.0090,0.0080,0.0080,0.0070,0.0080,0.0060,0.0050,0.0050,0.0050,0.0060,0.0080,0.0090,0.0080,0.0080,0.0070,0.0060,0.0050,0.0060,0.0050,0.0050,0.0040,0.0060,0.0080,0.0080,0.0070,0.0080,0.0070,0.0060,0.0050,0.0050,0.0040,0.0060,0.0040,0.0060,0.0070,0.0070,0.0090,0.0070,0.0080,0.0060,0.0060,0.0050,0.0050,0.0050,0.0070,0.0090,0.0070,0.0060
"Gangwon",Sokcho,-,-,-,-,-,-,-,-,-,-,-,-,-,-,-,-,-,-,-,-,-,-,-,-,0.015*,0.0150,0.0120,0.0100,0.0090,0.0080,0.0070,0.0080,0.0080,0.0100,0.0160,0.0160,0.0120,0.0110,0.0100,0.0080,0.0060,0.0080,0.0060,0.0090,0.0070,0.0110,0.0100,0.0100,0.0110,0.0110,0.0110,0.0080,0.0060,0.0060,0.0050,0.0060,0.0060,0.0090,0.0120,0.0120,0.0160,0.0110,0.0110,0.0090,0.0070,0.0060,0.0050,0.0070,0.0060,0.0070,0.0110,0.0090
"Gangwon",Yeongwol,-,-,-,-,-,-,-,-,-,-,-,-,-,-,-,-,-,-,-,-,-,-,-,-,0.0160,0.0110,0.0100,0.0070,0.0050,0.0050,0.0040,0.0040,0.0030,0.0060,0.0120,0.0160,0.0130,0.0100,0.0090,0.0070,0.0050,0.0040,0.0040,0.0050,0.0040,0.0080,0.0100,0.0160,0.0100,0.0120,0.0100,0.0070,0.0060,0.0070,0.0050,0.0060,0.0060,0.0090,0.0120,0.0120,0.0130,0.0070,0.0060,0.0070,0.0050,0.0050,0.0050,0.0050,0.0050,0.0050,0.0100,0.0160
"Gangwon",Cheorwon,-,-,-,-,-,-,-,-,-,-,-,-,-,-,-,-,-,-,-,-,-,-,-,-,0.0140,0.0110,0.0110,0.0080,0.0070,0.0050,0.0050,0.0050,0.0060,0.0080,0.0100,0.0090,0.0070,0.0070,0.0080,0.0080,0.0050,0.0050,0.0030,0.0030,0.0040,0.0070,0.0130,0.0140,0.0110,0.0100,0.0100,0.0090,0.0060,0.0060,0.0050,0.0050,0.0050,0.0070,0.0090,0.0110,0.0100,0.0090,0.0070,0.0060,0.0060,0.0060,0.0050,0.0050,0.0070,0.0100,0.0080,0.0110
"Gangwon",Hongcheon,-,-,-,-,-,-,-,-,-,-,-,-,-,-,-,-,-,-,-,-,-,-,-,-,-,0.0220,0.0180,0.0120,0.0120,0.0100,0.0090,0.0090,0.0090,0.0140,0.0170,0.0220,0.0220,0.0170,0.0150,0.0120,0.0090,0.0090,0.0070,0.0080,0.0090,0.0130,0.0180,0.0230,0.0190,0.0180,0.0160,0.0110,0.0080,0.0070,0.0060,0.0070,0.0070,0.0110,0.0190,0.0190,0.0210,0.0170,0.0130,0.0110,0.0080,0.0060,0.0070,0.0070,0.0030,0.0040,0.0190,0.0210
"Gangwon",Hwacheon,-,-,-,-,-,-,-,-,-,-,-,-,-,-,-,-,-,-,-,-,-,-,-,-,-,0.0050,0.0090,0.0060,0.0050,0.0030,0.0030,0.0030,0.0030,0.0050,0.0100,0.0140,0.0110,0.0090,0.0080,0.0060,0.0040,0.0040,0.0030,0.0020,0.0030,0.0060,0.0100,0.0130,0.0120,0.0110,0.0090,0.0060,0.0040,0.0040,0.0030,0.0030,0.0030,0.0050,0.0110,0.0120,0.0140,0.0110,0.0090,0.0070,0.0050,0.005*,0.0030,0.0030,0.0060,0.0070,0.0090,0.0130
"Gangwon",Taebaek,-,-,-,-,-,-,-,-,-,-,-,-,-,-,-,-,-,-,-,-,-,-,-,-,-,0.0120,0.0100,0.0090,0.0080,0.0080,0.0050,0.0070,0.0080,0.0090,0.0130,0.0120,0.0120,0.0120,0.0100,0.0080,0.0060,0.0060,0.0050,0.0050,0.0060,0.0090,0.0110,0.0120,0.0100,0.0130,0.0100,0.0080,0.0060,0.0060,0.0050,0.0040,0.0040,0.0070,0.0100,0.0100,0.0120,0.0100,0.0080,0.0070,0.0080,0.0060,0.0060,0.0060,0.0060,0.0110,0.0110,0.0100
"Gangwon",Inje,-,-,-,-,-,-,-,-,-,-,-,-,-,-,-,-,-,-,-,-,-,-,-,-,-,-,-,0.007*,0.0070,0.0050,0.0030,0.0030,0.0030,0.0040,0.0080,0.0090,0.0080,0.0070,0.0060,0.0050,0.0040,0.0030,0.0020,0.0020,0.0030,0.0050,0.0080,0.0100,0.0070,0.0080,0.0070,0.0050,0.0040,0.0040,0.0030,0.0030,0.0030,0.0050,0.0090,0.0090,0.0100,0.0070,0.0070,0.0060,0.0050,0.0040,0.0030,0.0040,0.0040,0.0050,0.0070,0.0090
"Gangwon",Average for provinces,0.0220,0.0200,0.0190,0.0140,0.0140,0.0130,0.0110,0.0090,0.013*,0.0150,0.0220,0.0230,0.0230,0.0200,0.0180,0.0140,0.0130,0.0120,0.0100,0.0100,0.0100,0.0150,0.0220,0.0200,0.0200,0.0150,0.0140,0.0110,0.0100,0.0080,0.0070,0.0070,0.0070,0.0090,0.0150,0.0170,0.0150,0.0130,0.0110,0.0090,0.0070,0.0070,0.0060,0.0060,0.0060,0.0100,0.0140,0.0160,0.0140,0.0130,0.0120,0.0090,0.0070,0.0060,0.0060,0.0060,0.0050,0.0080,0.0130,0.0140,0.0170,0.0130,0.0120,0.0090,0.0080,0.0070,0.0060,0.0060,0.0060,0.0080,0.0130,0.0150
"Chungbuk",Goesan,-,-,-,-,-,-,-,-,-,-,-,-,-,-,-,-,-,-,-,-,-,-,-,-,-,0.0160,0.0130,0.0090,0.0080,0.0070,0.0060,0.0070,0.0080,0.0100,0.0140,0.0180,0.0170,0.0130,0.0100,0.0090,0.0060,0.0060,0.0050,0.0040,0.0060,0.0100,0.0140,0.0180,0.0150,0.0140,0.0110,0.0080,0.0060,0.0060,0.0040,0.0040,0.0040,0.0060,0.0100,0.0130,0.0170,0.0130,0.0110,0.0090,0.0060,0.0050,0.0040,0.0040,0.0050,0.0080,0.0120,0.0150
"Chungbuk",Eumseong,-,-,-,-,-,-,-,-,-,-,-,-,-,-,-,-,-,-,-,-,-,-,-,-,-,0.0180,0.0140,0.0110,0.0110,0.0080,0.0070,0.0070,0.0090,0.0120,0.0190,0.0210,0.0200,0.0160,0.0130,0.0120,0.008*,0.0080,0.0070,0.0050,0.0080,0.0120,0.0160,0.0190,0.0160,0.0150,0.0140,0.0110,0.0090,0.0080,0.0070,0.0070,0.0070,0.0100,0.0140,0.0170,0.0190,0.0150,0.0130,0.0100,0.0090,0.0070,0.0060,0.0060,0.0080,0.0110,0.0150,0.0200
"Chungbuk",Cheongju,0.0260,0.0250,0.0240,0.0200,0.0170,0.0150,0.0140,0.0140,0.0160,0.0150,0.0200,0.0230,0.0300,0.0260,0.0190,0.0170,0.0140,0.0190,0.0180,0.0180,0.0180,0.0220,0.0300,0.0270,0.0310,0.0310,0.0270,0.0210,0.0180,0.0150,0.0130,0.0130,0.0150,0.0190,0.0270,0.0300,0.0270,0.0260,0.0210,0.0160,0.0120,0.0120,0.0100,0.0090,0.0110,0.0180,0.0220,0.0250,0.0230,0.0210,0.0200,0.0150,0.0130,0.0110,0.0090,0.0100,0.0100,0.0160,0.0220,0.0220,0.0240,0.0180,0.0160,0.0120,0.0100,0.0070,0.0070,0.0080,0.0090,0.0140,0.0210,0.0230
"Chungbuk",Chungju,0.0310,0.0300,0.0280,0.0200,0.0170,0.0150,0.0130,0.013**,0.0180,0.0170,0.0320,0.0330,0.0340,0.0310,0.0230,0.0200,0.0170,0.0130,0.0140,0.0150,0.0170,0.0230,0.0320,0.0330,0.0370,0.0320,0.0240,0.0180,0.0190,0.019**,0.0110,0.0110,0.0140,0.0190,0.0270,0.0280,0.0260,0.0230,0.0150,0.0130,0.011*,0.0100,0.0080,0.0090,0.0110,0.0150,0.0190,0.0230,0.0200,0.0180,0.0170,0.0130,0.013**,0.01**,0.009**,0.009**,0.010**,0.014*,0.0170,0.0200,0.0200,0.0180,0.0170,0.0130,0.0110,0.0080,0.0080,0.0090,0.0110,0.0140,0.0210,0.0230
"Chungbuk",Jecheon,0.0270,0.0280,0.0270,0.0210,0.0200,0.0200,0.0180,0.0190,0.0110,0.0130,0.0160,0.0260,0.0330,0.0230,0.023*,0.0250,0.0220,0.0180,0.0190,0.0230,0.0200,0.0270,0.0320,0.0290,0.0360,0.0280,0.0250,0.0220,0.0190,0.0170,0.0110,0.0110,0.0090,0.0130,0.0260,0.0240,0.0210,0.0240,0.0200,0.0130,0.0100,-,0.0110,0.0090,0.0110,0.0160,0.0190,0.0230,0.0200,0.0180,0.0170,0.0140,0.0130,0.0110,0.0100,0.0110,0.0110,0.0140,0.0180,0.0180,0.0220,0.0170,0.0160,0.0130,0.0120,0.0100,0.0090,0.0090,0.0130,0.0150,0.0220,0.0220
"Chungbuk",Danyang,0.0270,0.0250,0.0280,0.0210,0.0220,0.0250,0.0150,0.0120,0.0140,0.0160,0.0210,0.0220,0.0210,0.0210,0.0180,0.0140,0.0140,0.0160,0.0130,0.0130,0.0140,0.0150,0.0180,0.0190,0.0210,0.0170,0.0160,0.0120,0.0120,0.0090,0.0080,0.0080,0.0080,0.0130,0.0120,0.0130,0.0120,0.0110,0.0130,0.0090,0.0080,0.0080,0.0060,0.0060,0.0080,0.0110,0.0130,0.0160,0.0130,0.0120,0.0110,0.0100,0.0080,0.0080,0.0090,0.0090,0.0080,0.0150,0.0210,0.0220,0.0250,0.0170,0.0160,0.0140,0.0100,0.0080,0.0070,0.0080,0.0090,0.0110,0.0160,0.0180
"Chungbuk",Jincheon,0.0250,0.0230,0.0200,0.0150,0.0080,0.0070,0.0030,0.0090,0.0160,0.0190,0.0250,0.0240,0.0270,0.0230,0.0210,0.0180,0.0130,0.0100,0.0110,0.0130,0.0160,0.0220,0.0330,0.0310,0.0310,0.0270,0.0210,0.0180,0.0160,0.0130,0.0110,0.0110,0.0150,0.0200,0.0260,0.0270,0.0260,0.0230,0.0140,0.010*,0.0090,0.0090,0.0080,0.0070,0.0100,0.0150,0.0200,0.0210,0.0200,0.0170,0.0150,0.0110,0.0100,0.0090,0.008**,0.0080,0.0090,0.0130,0.0180,0.0220,0.0240,0.0180,0.0150,0.0110,0.0090,0.0070,0.0070,0.0070,0.0100,0.0130,0.0190,0.0220
"Chungbuk",Okcheon,-,-,-,0.0170,0.0140,0.0110,0.0090,0.0100,0.0170,0.0150,0.0210,0.0200,0.0210,0.0200,0.0160,0.0180,0.0130,0.0150,0.0170,0.0190,0.0200,0.0230,0.0320,0.0280,0.0280,0.0260,0.0220,0.0190,0.0180,0.0120,0.0100,0.0110,0.0120,0.0150,0.0210,0.0240,0.0220,0.0200,0.0190,0.0150,0.0120,0.0120,0.0130,0.0110,0.0160,0.0210,0.0200,0.018*,0.020*,0.0220,0.0230,0.0200,0.0160,0.0170,0.0130,0.0130,0.0130,0.0200,0.0240,0.0250,0.0260,0.0220,0.0220,0.0190,0.0160,0.0110,0.0110,0.0110,0.0130,0.0140,0.0190,0.0200
"Chungbuk",Yeongdong,-,-,-,-,-,-,-,-,-,-,-,-,-,-,-,0.0080,0.0090,0.0090,0.0100,0.0110,0.0110,0.0130,0.0190,0.0200,0.0200,0.0180,0.0160,0.0120,0.0090,0.0070,0.0050,0.0060,0.0070,0.0090,0.0140,0.0180,0.0170,0.0140,0.0130,0.010*,0.0080,0.0080,0.0060,0.0060,0.0070,0.0110,0.0130,0.0160,0.0150,0.0130,0.0120,0.0100,0.0090,0.0080,0.0060,0.0060,0.0060,0.0090,0.0130,0.0140,0.015*,0.0130,0.0120,0.0100,0.0080,0.0060,0.0060,0.0050,0.0060,0.0080,0.0130,0.0140
"Chungbuk",Jeungpyeong,-,-,-,-,-,-,-,-,-,-,-,-,-,-,-,0.0110,0.0090,0.0110,0.0160,0.0160,0.0140,0.0170,0.0270,0.0270,0.0280,0.0260,0.0220,0.0180,0.0170,0.0140,0.0110,0.0100,0.0110,0.0150,0.0220,0.0230,0.0220,0.0190,0.0170,0.0100,0.0080,0.0070,0.0060,0.0060,0.0070,0.0100,0.0180,0.0200,0.0200,0.0170,0.0160,0.014*,-,-,0.0080,0.0070,0.0070,0.0100,0.0140,0.0160,0.0170,0.0140,0.0120,0.0110,0.0090,0.0070,0.0060,0.0060,0.0060,0.0090,0.0140,0.0160
"Chungbuk",Boeun,-,-,-,-,-,-,-,-,-,-,-,-,-,-,-,-,-,-,-,-,-,-,-,-,0.0170,0.0150,0.0120,0.0090,0.0090,0.0090,0.0070,0.0070,0.0080,0.0100,0.0150,0.0170,0.0150,0.0130,0.0100,0.0090,0.0070,0.0080,0.0060,0.0070,0.0070,0.0110,0.0140,0.0160,0.0160,0.0140,0.0120,0.0090,0.0080,0.0070,0.0060,0.0060,0.0060,0.0090,0.0120,0.0140,0.0170,0.0140,0.0110,0.008*,0.0070,0.0050,0.0050,0.0050,0.0050,0.0080,0.0120,0.0150
"Chungbuk",Average for provinces,0.0270,0.0260,0.0250,0.0190,0.0160,0.0150,0.0130,0.0130,0.0160,0.0160,0.0230,0.0250,0.0290,0.0250,0.0200,0.0170,0.0140,0.0150,0.0160,0.0160,0.0170,0.0210,0.0290,0.0270,0.0290,0.0260,0.0220,0.0170,0.0160,0.0130,0.0100,0.0110,0.0120,0.0160,0.0230,0.0250,0.0230,0.0200,0.0160,0.0130,0.0100,0.0100,0.0080,0.0080,0.0100,0.0150,0.0180,0.0210,0.0190,0.0170,0.0160,0.0130,0.0110,0.0100,0.0080,0.0090,0.0090,0.0130,0.0180,0.0190,0.0210,0.0170,0.0150,0.0120,0.0100,0.0080,0.0070,0.0070,0.0090,0.0120,0.0180,0.0200
"Chungnam",Cheonan,0.0260,0.0240,0.0260,0.0190,0.0160,0.0150,0.0150,0.0140,0.0180,0.0260,0.0300,0.0320,0.0320,0.0290,0.0250,0.0240,0.0190,0.0170,0.0140,0.0130,0.0160,0.0220,0.0330,0.0310,0.0340,0.0290,0.0280,0.0230,0.0210,0.0180,0.0140,0.0150,0.0160,0.0220,0.0280,0.0260,0.0250,0.0220,0.019*,0.015*,0.013*,0.0140,0.0120,0.0100,0.0120,0.0190,0.0230,0.0250,0.0240,0.0210,0.0220,0.0170,0.0140,0.0130,0.0110,0.0120,0.0110,0.0170,0.022*,0.0250,0.0270,0.0220,0.0200,0.0170,0.0130,0.0100,0.0100,0.0100,0.0130,0.0190,0.0250,0.0250
"Chungnam",Dangjin,0.0120,0.0100,0.0110,0.0100,0.0080,0.0090,0.0080,0.0100,0.0120,0.0110,0.010*,0.011**,0.020*,0.0190,0.0170,0.0160,0.0140,0.0110,0.0080,0.0100,0.0130,0.0160,0.0210,0.0210,0.0210,0.0190,0.0160,0.0150,0.0120,0.011*,0.0080,0.0090,0.0110,0.0140,0.0170,0.0190,0.0210,0.0180,0.0160,0.0120,0.0110,0.0120,0.0110,0.0070,0.0120,0.0160,0.0180,0.0180,0.0200,0.0170,0.0180,0.0150,0.0110,0.0110,0.0120,0.0110,0.0110,0.0120,0.016**,0.0180,0.0190,0.0140,0.0150,0.0130,0.0100,0.0080,0.0080,0.0060,0.0100,0.0120,0.0150,0.0150
"Chungnam",Seosan,0.0280,0.0260,0.0280,0.0200,0.0150,0.0150,0.0090,0.0130,0.0150,0.0150,0.0150,0.0160,0.0210,0.0180,0.0180,0.0150,0.0140,0.0110,0.0100,0.0100,0.0130,0.0180,0.0230,0.0200,0.0220,0.0190,0.0180,0.0160,0.0110,0.0100,0.0080,0.0090,0.0110,0.0140,0.0190,0.0180,0.0200,0.0170,0.0150,0.0110,0.0110,0.0110,0.0100,0.0070,0.0100,0.014*,0.0170,0.0180,0.0200,0.0180,0.0180,0.0150,0.0110,0.0110,0.0100,0.0100,0.0090,0.0110,0.0150,0.0170,0.0180,0.0150,0.0140,0.0110,0.0090,0.0070,0.0070,0.0060,0.0090,0.0110,0.0160,0.0150
"Chungnam",Asan,0.033*,0.0290,0.0280,0.0190,0.0210,0.0210,0.0150,0.0170,0.0240,0.0230,0.0220,0.0230,0.0260,0.0250,0.021**,0.0170,0.0130,0.0120,0.0090,0.0100,0.0120,0.0170,0.0250,0.0220,0.0240,0.0220,0.0190,0.0170,0.0140,0.0110,0.0090,0.0100,0.0120,0.0160,0.0200,0.0210,0.0220,0.0190,0.0160,0.0120,0.0110,0.0100,0.0100,0.0080,0.0120,0.0180,0.0200,0.0220,0.0210,0.0180,0.0180,0.0140,0.0120,0.0120,0.0100,0.0100,0.0100,0.0150,0.0190,0.0210,0.0220,0.0180,0.0170,0.0140,0.0100,0.0080,0.0080,0.0080,0.0110,0.0130,0.0180,0.0200
"Chungnam",Nonsan,-,-,-,-,-,-,0.0100,0.0100,0.0140,0.0170,0.0190,0.0230,0.0250,0.0210,0.0140,0.0120,0.0100,0.0090,0.0060,0.0090,0.0110,0.0170,0.0240,0.0230,0.0230,0.0220,0.0180,0.0150,0.0130,0.0110,0.0090,0.0100,0.0110,0.0140,0.0210,0.0220,0.0210,0.0180,0.0150,0.0130,0.0100,0.0090,0.0080,0.0070,0.0090,0.0160,0.0190,0.0210,0.0190,0.0160,0.0150,0.0130,0.0090,0.0080,0.0070,0.0080,0.0080,0.0130,0.0160,0.0170,0.0190,0.0160,0.0140,0.0120,0.0100,0.0060,0.0060,0.0070,0.0090,0.0120,0.0170,0.0170
"Chungnam",Taean,-,-,-,-,-,-,0.0050,0.0070,0.009*,0.0090,0.0120,0.0130,0.0140,0.0140,0.0130,0.0100,0.0090,0.0100,0.0060,0.0070,0.0080,0.0110,0.0140,0.0130,0.0130,0.0120,0.0130,0.0120,0.0090,0.0070,0.0060,0.0070,0.0070,0.0080,0.0120,0.0120,0.0150,0.0130,0.0120,0.0090,0.0090,0.0090,0.0080,0.0060,0.0080,0.0120,0.0150,0.0120,0.0140,0.0140,0.0140,0.0110,0.0080,0.0080,0.0070,0.0070,0.0070,0.0090,0.0120,0.0130,0.0130,0.0110,0.0110,0.0090,0.0070,0.0050,0.0060,0.0050,0.0080,0.0100,0.0140,0.0120
"Chungnam",Boryeong,-,-,-,-,-,-,0.0060,0.0060,0.0090,0.0120,0.0120,0.0150,0.0160,0.0150,0.0110,0.0080,0.0060,0.006*,0.0050,0.0060,0.0070,0.0110,0.0170,0.0150,0.0170,0.0140,0.0120,0.0110,0.0090,0.0070,0.0060,0.0060,0.0070,0.0100,0.0140,0.0120,0.0140,0.0140,0.0110,0.0090,0.0070,0.0070,0.0060,0.0040,0.0050,0.0110,0.0130,0.0160,0.0160,0.0140,0.0140,0.0110,0.0080,0.0080,0.0070,0.0060,0.0050,0.0090,0.0120,0.0140,0.0170,0.0120,0.0110,0.0100,0.0070,0.0060,0.0060,0.0050,0.0060,0.0100,0.0140,0.0130
"Chungnam",Hongseong,-,-,-,-,-,-,0.0090,0.0100,0.0120,0.0150,0.0170,0.0220,0.0220,0.0180,0.0120,0.0110,0.0070,0.0060,0.0070,0.0080,0.0090,0.0150,0.0230,0.0220,0.0220,0.0190,0.0130,0.0120,0.0100,0.0080,0.0070,0.0070,0.0080,0.0110,0.0170,0.0170,0.0170,0.0150,0.0110,0.0090,0.0080,0.0070,0.0070,0.0050,0.0070,0.0130,0.0150,0.0160,0.0160,0.0130,0.0140,0.0110,0.0080,0.0070,0.0070,0.0070,0.0070,0.0110,0.0150,0.0170,0.0190,0.0130,0.0120,0.0090,0.0070,0.0060,0.0060,0.0050,0.0080,0.0100,0.0160,0.0180
"Chungnam",Gongju,-,-,-,-,-,-,0.0060,0.0080,0.0100,0.0130,0.0160,0.0170,0.0190,0.0160,0.0100,0.0070,0.0040,0.0060,0.0060,0.0060,0.0080,0.0120,0.0230,0.0190,0.0180,0.0160,0.0120,0.0100,0.0080,0.0060,0.0050,0.0050,0.0070,0.0080,0.0130,0.0150,0.0130,0.0110,0.0090,0.0060,0.0050,0.0060,0.0060,0.0050,0.0060,0.0100,0.0130,0.0150,0.0160,0.0120,0.0120,0.0090,0.0070,0.0070,0.0070,0.007*,0.006**,0.0100,0.0120,0.0150,0.0160,0.0120,0.0110,0.0090,0.0060,0.0050,0.0050,0.006**,0.0070,0.0090,0.0130,0.0150
"Chungnam",Buyeo,-,-,-,-,-,-,0.0080,0.0100,0.0140,0.0170,0.0170,0.0210,0.0220,0.0190,0.0120,0.0070,0.0070,0.0060,0.0070,0.0070,0.0100,0.0150,0.0240,0.0230,0.0240,0.0200,0.0180,0.0130,0.0130,0.0110,0.0080,0.0070,0.0080,0.0100,0.0160,0.0190,0.0210,0.0180,0.0130,0.0100,0.0090,0.0090,0.0080,0.0070,0.0090,0.0140,0.0180,0.0150,0.0120,0.0090,0.0070,0.0080,0.0090,0.0080,0.0070,0.0070,0.0080,0.0110,0.0150,0.0170,0.0190,0.0160,0.013*,0.0110,0.0090,0.0070,0.0070,0.0070,0.0080,0.0120,0.0170,0.0180
"Chungnam",Cheongyang,-,-,-,-,-,-,-,-,-,-,-,0.016*,0.0160,0.0150,0.0090,0.0070,0.0050,0.0050,0.0050,0.0060,0.0060,0.0090,0.0150,0.0140,0.0150,0.0130,0.0110,0.0090,0.0070,0.0050,0.0050,0.0050,0.0050,0.0080,0.0120,0.0130,0.0140,0.0100,0.0090,0.0070,0.0050,0.0050,0.0060,0.0050,0.0050,0.0090,0.0110,0.0120,0.0130,0.0090,0.0100,0.0080,0.0060,0.0050,0.0050,0.0050,0.0050,0.0080,0.0100,0.0130,0.0140,0.0110,0.0090,0.0070,0.0060,0.0050,0.0050,0.0040,0.0050,0.0070,0.0100,0.0120
"Chungnam",Geumsan,-,-,-,-,-,-,-,-,-,-,-,0.020**,0.020*,0.0200,0.0130,0.0090,0.0070,0.0080,0.0070,0.0070,0.0080,0.0130,0.0200,0.0200,0.0220,0.0180,0.0140,0.0110,0.0100,0.0080,0.0070,0.0060,0.0070,0.0100,0.0160,0.0180,0.0170,0.0150,0.0120,0.0100,0.0070,0.0080,0.0070,0.0070,0.0080,0.0120,0.0170,0.0200,0.0190,0.0160,0.0130,0.009*,0.0070,0.0060,0.0060,0.0070,0.0070,0.0110,0.0160,0.0170,0.0190,0.0160,0.0120,0.0090,0.0080,0.0060,0.0060,0.0060,0.0060,0.0090,0.0150,0.0190
"Chungnam",Yesan,-,-,-,-,-,-,0.0090,0.0090,0.0120,0.015*,0.0170,0.0180,0.0220,0.0200,0.0140,0.0110,0.0080,0.0080,0.0070,0.0070,0.0090,0.0140,0.0220,0.0210,0.0200,0.0190,0.0150,0.0130,0.0100,0.0090,0.0080,0.0080,0.0100,0.0120,0.0160,0.0170,0.0180,0.0140,0.0110,0.0080,0.0070,0.0060,0.0050,0.0040,0.0060,0.0110,0.0130,0.0160,0.0170,0.0150,0.0150,0.0110,0.0080,0.0070,0.0070,0.0070,0.0070,0.0100,0.0140,0.0170,0.0190,0.0140,0.0120,0.0090,0.0070,0.0050,0.0050,0.0050,0.0070,0.0090,0.0140,0.0170
"Chungnam",Gyeryong,-,-,-,-,-,-,-,-,-,-,-,-,-,-,0.015**,0.0120,0.0070,0.0100,0.0090,0.0090,0.0120,0.0170,0.0310,0.0280,0.0290,0.0260,0.0200,0.0140,0.0110,0.0100,0.0080,0.0090,0.0110,0.0130,0.0190,0.0220,0.0230,0.0180,0.0150,0.0110,0.0090,0.0090,0.0080,0.0070,0.0090,0.0160,0.0200,0.0230,0.0220,0.0160,0.0170,-,0.0080,0.0080,0.0070,0.0070,0.0070,0.0120,0.0160,0.0200,0.0220,0.0170,0.0140,0.0110,0.0090,0.0070,0.0060,0.0050,0.0080,0.0120,0.0190,0.0200
"Chungnam",Seocheon,-,-,-,-,-,-,-,-,-,-,-,-,-,-,0.010**,0.0080,0.0070,0.0070,0.0050,0.0060,0.0070,0.0100,0.0170,0.0140,0.0160,0.0130,0.0120,0.0090,0.0080,0.0060,0.0050,0.0050,0.0060,0.0080,0.0100,0.0130,0.0140,0.0130,0.0110,0.0100,0.0080,0.0070,0.0070,0.0060,0.0070,0.0100,0.0130,0.0140,0.0130,0.0130,0.0140,0.0110,0.0080,0.0070,0.0060,0.0060,0.0060,0.0090,0.0130,0.0140,0.0160,0.0130,0.0120,0.0110,0.0080,0.0060,0.0060,0.0050,0.0060,0.0090,0.0120,0.0130
"Chungnam",Average for provinces,0.0230,0.0210,0.0220,0.0170,0.0140,0.0140,0.0090,0.0110,0.0140,0.0150,0.0170,0.0190,0.0220,0.0200,0.0160,0.0140,0.0110,0.0100,0.0080,0.0090,0.0110,0.0160,0.0230,0.0210,0.0220,0.0190,0.0170,0.0140,0.0120,0.0100,0.0080,0.0080,0.0100,0.0130,0.0170,0.0180,0.0190,0.0170,0.0140,0.0110,0.0090,0.0090,0.0090,0.0070,0.0090,0.0140,0.0170,0.0180,0.0180,0.0160,0.0160,0.0120,0.0100,0.0090,0.0080,0.0080,0.0080,0.0120,0.0150,0.0170,0.0190,0.0150,0.0140,0.0110,0.0090,0.0070,0.0070,0.0060,0.0090,0.0120,0.0160,0.0170
"Jeonbuk",Imsil,-,-,-,-,-,-,-,-,-,-,-,-,-,-,-,-,-,-,-,0.0060,0.0060,0.0090,0.0120,0.0110,0.0130,0.0110,0.0100,0.0070,0.0050,0.0040,0.0030,0.0030,0.0040,0.0050,0.0100,0.0120,0.0120,0.0100,0.0080,0.0070,0.0040,0.0040,0.0030,0.0020,0.004*,0.012*,0.0130,0.0150,0.0180,0.0160,0.0130,0.0100,0.0080,0.0070,0.0060,0.0060,0.0060,0.0100,0.0130,0.0140,0.0170,0.0140,0.0120,0.0090,0.0080,0.0050,0.0050,0.0050,0.0060,0.0080,0.0130,0.0150
"Jeonbuk",Jeonju,0.0230,0.0210,0.0200,0.0150,0.0120,0.0110,0.0100,0.0120,0.0140,0.0170,0.0210,0.0200,0.0200,0.0190,0.0160,0.0140,0.0110,0.0100,0.0090,0.0100,0.012*,0.018*,0.0270,0.0250,0.0270,0.0230,0.0180,0.0170,0.0150,0.0100,0.0090,0.0120,0.0130,0.0170,0.0230,0.0260,0.0260,0.0220,0.0170,0.0140,0.0110,0.0110,0.0090,0.0060,0.0090,0.0160,0.0190,0.0230,0.0220,0.0190,0.0170,0.0150,0.0110,0.0100,0.0090,0.0090,0.0100,0.0150,0.0200,0.0210,0.0240,0.0200,0.0170,0.0140,0.0110,0.0080,0.0070,0.0070,0.0100,0.0140,0.0210,0.0200
"Jeonbuk",Gunsan,0.0180,0.0170,0.0190,0.0160,0.0130,0.0120,0.0090,0.0100,0.0120,0.0140,0.0170,0.0170,0.0180,0.0170,0.0160,0.0150,0.0090,0.0090,0.0070,0.0070,0.0060,0.0140,0.0210,0.0160,0.0170,0.0130,0.0150,0.0130,0.0130,0.0090,0.0070,0.0070,0.0080,0.0110,0.0140,0.0120,0.0120,0.0130,0.0110,0.0090,0.0090,0.0080,0.0070,0.0050,0.0080,0.0120,0.0130,0.0140,0.0140,0.0120,0.0130,0.0110,0.0090,0.0080,0.0060,0.0060,0.0080,0.011*,0.015*,0.0150,0.0170,0.0140,0.0150,0.0120,0.0090,0.0070,0.0070,0.0060,0.0090,0.0110,0.0160,0.0170
"Jeonbuk",Iksan,0.0230,0.0220,0.0220,0.0170,0.0160,0.0130,0.0110,0.0110,0.0140,0.0160,0.0200,0.0190,0.0190,0.0200,0.0170,0.0150,0.0130,0.0110,0.0100,0.007**,0.009**,0.013**,0.017*,0.017*,0.0200,0.0180,0.0160,0.0180,0.0160,0.0120,0.0100,0.0090,0.0110,0.0130,0.0190,0.016*,0.0150,0.0130,0.0110,0.0100,0.0090,0.0080,0.0070,0.0070,0.0080,0.0130,0.0140,0.0160,0.0150,0.0110,0.011*,0.0090,0.0080,0.007*,0.0070,0.0070,0.007*,0.0120,0.0130,0.0150,0.0150,0.0130,0.0120,0.0100,0.0080,0.0060,0.0060,0.0060,0.0070,0.0090,0.0130,0.0140
"Jeonbuk",Namwon,0.0170,0.0160,0.0160,0.0130,0.0100,0.0070,0.0070,0.0090,0.0080,0.0100,0.0150,0.0160,0.0170,0.0170,0.0160,0.0120,0.0100,0.0100,0.007*,-,-,0.0100,0.0160,0.0180,0.0190,0.0160,0.0140,0.0110,0.0110,0.0090,0.0080,0.0090,0.0080,0.0100,0.0150,0.0170,0.0170,0.0130,0.0100,0.0110,0.0070,0.0100,0.0090,0.0070,0.0080,0.0110,0.0150,0.0180,0.0180,0.0160,0.0130,0.0100,0.0080,0.0080,0.0070,0.0060,0.0060,0.0090,0.012*,0.0120,0.0130,0.0110,0.0100,0.0080,0.0070,0.0060,0.0050,0.0040,0.0050,0.0070,0.0100,0.0120
"Jeonbuk",Jeongeup,0.0200,0.0160,0.0160,0.0140,0.0110,0.0110,0.0070,0.0100,0.0120,0.0140,0.0180,0.0190,0.0190,0.0210,0.0180,0.0150,0.0130,0.0110,0.0070,0.0060,0.0090,0.0120,0.0180,0.0170,0.0180,0.0160,0.0140,0.0130,0.0100,0.0090,0.0070,0.0080,0.0090,0.0130,0.0160,0.0170,0.0180,0.0140,0.0120,0.0110,0.0100,0.0110,0.0100,0.007**,0.011*,0.0140,0.0160,0.0160,0.0180,0.014*,0.0130,0.0120,0.0090,0.0070,0.0060,0.0060,0.0070,0.0100,0.0130,0.0140,0.0150,0.0120,0.0110,0.0090,0.0070,0.0050,0.0050,0.0050,0.0070,0.0080,0.0130,0.0140
"Jeonbuk",Gochang,0.0130,0.0110,0.0130,0.0130,0.0110,0.0090,0.0060,0.0080,0.0090,0.0120,0.0140,0.0130,0.0140,0.0150,0.0140,0.0110,0.0100,0.0090,0.0080,0.0070,0.0090,0.0090,0.0160,0.012*,0.0110,0.0100,0.0090,0.0100,0.0080,0.0070,0.0060,0.0050,0.0060,0.0090,0.0120,0.0120,0.0130,0.0100,0.0100,0.006*,0.006**,0.004*,0.0040,0.0030,0.0050,0.0070,0.0080,0.0100,0.0100,0.0090,0.0080,0.0060,0.0050,0.0040,0.003*,0.002**,0.003**,0.005*,0.0070,0.0090,0.0110,0.0080,0.0060,0.0050,0.003*,0.0030,0.0040,0.0030,0.003*,0.0050,0.0060,0.0070
"Jeonbuk",Buan,0.0180,0.0140,0.0180,0.0110,0.0110,0.0080,0.0080,0.0100,0.0120,0.0150,0.0140,0.0170,0.0220,0.0190,0.0170,0.0150,0.0120,0.0110,0.0080,0.0080,0.0100,0.0140,0.0200,0.0160,0.0160,0.0120,0.0120,0.0120,0.0120,0.0090,0.0080,0.0080,0.0090,0.0130,0.0160,0.0150,0.0150,0.0130,0.0110,0.0100,0.0110,0.0110,0.0090,0.0070,0.0110,0.0160,0.0190,0.0200,0.0180,0.0140,0.0130,0.0120,0.0100,0.0090,0.0080,0.0080,0.0080,0.0120,0.0150,0.0160,0.0160,0.0130,0.0130,0.0110,0.0090,0.0060,0.0050,0.0050,0.0070,0.0090,0.0130,0.0130
"Jeonbuk",Gimje,0.0210,0.0180,0.0190,0.0160,0.0130,0.0110,0.0070,0.0120,0.0140,0.0140,0.0180,0.0200,0.0190,0.0160,0.0170,0.0160,0.0120,0.0110,0.0100,0.0100,0.0130,0.0170,0.0240,0.0180,0.0180,0.0180,0.0160,0.0160,0.0140,0.0120,0.0110,0.0110,0.0130,0.0170,0.0210,0.0200,0.0200,0.0180,0.0140,0.0120,0.0110,0.0110,0.0100,0.0080,0.0110,0.0180,0.0210,0.0220,0.0210,0.0150,0.0170,0.0140,0.0110,0.0110,0.0090,0.0090,0.0110,0.0160,0.0200,0.0200,0.0210,0.0180,0.0170,0.0130,0.0080,0.0070,0.0060,0.0050,0.0080,0.0130,0.0170,0.0170
"Jeonbuk",Wanju,-,-,-,-,-,-,-,-,-,-,-,-,-,0.0110,0.0120,0.0100,0.0080,0.0080,0.0060,0.0050,0.0060,0.0090,0.015*,0.012*,0.0130,0.0130,0.0130,0.0120,0.0110,0.0080,0.007**,0.0060,0.0060,0.0090,0.0120,0.0120,0.0150,0.0130,0.0130,0.0130,0.0100,0.0090,0.0070,0.0070,0.0070,0.0100,0.0120,0.0140,0.0130,0.0120,0.0120,0.0100,0.0080,0.0070,0.0060,0.0060,0.0060,0.0080,0.0100,0.0110,0.0140,0.0110,0.0110,0.0090,0.0080,0.0060,0.0060,0.0050,0.0050,0.0070,0.0100,0.0110
"Jeonbuk",Jinan,-,-,-,-,-,-,-,-,-,-,-,-,-,0.0150,0.0110,0.0090,0.0080,0.0080,0.0060,0.0060,0.0050,0.0080,0.0160,0.0140,0.0170,0.0140,0.0140,0.0110,0.0100,0.0070,0.0050,0.0050,0.0050,0.0070,0.0130,0.0140,0.0130,0.0110,0.0110,0.0100,0.0070,0.0070,0.0050,0.0050,0.0050,0.0070,0.0130,0.0150,0.0130,0.0120,0.0110,0.0080,0.0060,0.0070,0.0050,0.0050,0.0050,0.0070,0.0120,0.0130,0.0150,0.0120,0.0120,0.0100,0.0070,0.0050,0.0040,0.0040,0.0040,0.0060,0.0110,0.0120
"Jeonbuk",Muju,-,-,-,-,-,-,-,-,-,-,-,-,-,-,-,-,-,-,-,0.0050,0.0060,0.0070,0.0130,0.0140,0.0150,0.0130,0.0100,0.0070,0.0060,0.0050,0.0040,0.0040,0.0040,0.0070,0.0110,0.0130,0.0130,0.0100,0.0090,0.0070,0.0050,0.0040,0.0040,0.0040,0.0040,0.0070,0.0100,0.0130,0.0120,0.0100,0.0100,0.0070,0.0060,0.0040,0.0040,0.0030,0.0040,0.0060,0.0090,0.0110,0.0130,0.0100,0.0090,0.0070,0.0050,0.0030,0.0030,0.0030,0.0040,0.0060,0.0080,0.0100
"Jeonbuk",Sunchang,-,-,-,-,-,-,-,-,-,-,-,-,-,-,-,-,-,-,-,-,-,-,0.0140,0.0140,0.0150,0.0120,0.0110,0.0090,0.0070,0.0050,0.0050,0.0050,0.0050,0.0080,0.0110,0.0120,0.0120,0.0100,0.0080,0.0070,0.0060,0.0050,0.0050,0.0040,0.0060,0.0090,0.0110,0.0130,0.0140,0.0120,0.0100,0.0080,0.0050,0.0050,0.0040,0.0040,0.0040,0.0070,0.0120,0.0130,0.0130,0.0100,0.0090,0.0070,0.0060,0.0040,0.0040,0.0040,0.0040,0.0080,0.0110,0.0120
"Jeonbuk",Jangsu,-,-,-,-,-,-,-,-,-,-,-,-,-,-,-,-,-,-,-,-,-,-,-,0.0070,0.0100,0.0090,0.0080,0.0080,0.0070,0.0050,0.0030,0.0030,0.0030,-,0.0070,0.0070,0.0080,0.0080,0.0070,0.0070,0.0060,0.0050,0.0050,0.0040,0.0050,0.0070,0.0080,0.0100,0.0090,0.0080,0.0080,0.0070,0.0060,0.0050,0.0040,0.0040,0.0040,0.0060,0.0080,0.0080,0.0100,0.0090,0.0090,0.0080,0.0060,0.0040,0.0030,0.0030,0.0030,0.0050,0.0070,0.0080
"Jeonbuk",Average for provinces,0.0200,0.0180,0.0190,0.0150,0.0130,0.0110,0.0090,0.0100,0.0130,0.0150,0.0180,0.0180,0.0190,0.0180,0.0160,0.0140,0.0110,0.0100,0.0080,0.0070,0.0090,0.0130,0.0190,0.0170,0.0180,0.0150,0.0140,0.0130,0.0120,0.0090,0.0070,0.0080,0.0090,0.0120,0.0160,0.0160,0.0160,0.0140,0.0120,0.0100,0.0090,0.0080,0.0070,0.0060,0.0080,0.0120,0.0140,0.0160,0.0160,0.0130,0.0130,0.0110,0.0080,0.0080,0.0060,0.0070,0.0070,0.0110,0.0140,0.0150,0.0160,0.0130,0.0120,0.0100,0.0080,0.0060,0.0060,0.0050,0.0070,0.0100,0.0140,0.0150
"Jeonnam",Hwasun,-,-,-,-,-,-,-,-,-,-,-,-,-,-,-,-,-,-,-,-,-,-,-,-,-,-,0.0170,0.0140,0.0110,0.0090,0.0070,0.0070,0.0070,0.0110,0.0150,0.0170,0.0160,0.0140,0.0110,0.0100,0.0080,0.0070,0.0060,0.0050,0.0060,0.0090,0.0120,0.017*,0.016*,0.0150,0.0120,0.0100,0.0080,0.0070,0.0060,0.0070,0.0060,0.0090,0.0140,0.0130,0.0140,0.0110,0.0110,0.0090,0.0080,0.0060,0.0050,0.0050,0.0060,0.0080,0.0140,0.0160
"Jeonnam",Yeosu,0.0210,0.0190,0.0230,0.0200,0.0170,0.0160,0.0120,0.0120,0.0150,0.0150,0.0230,0.0220,0.0210,0.0230,0.0190,0.0160,0.0150,0.0160,0.0090,0.0090,0.0120,0.0160,0.0220,0.0160,0.0160,0.0180,0.0140,0.0140,0.0140,0.0110,0.0080,0.0090,0.0100,0.0120,0.0170,0.0180,0.0170,0.0160,0.0140,0.0120,0.0120,0.0110,0.0090,0.0070,0.0100,0.0140,0.0160,0.0170,0.0150,0.0150,0.0140,0.0110,0.0100,0.0100,0.0070,0.0070,0.0080,0.0130,0.0150,0.0150,0.0160,0.0120,0.0140,0.0120,0.0110,0.0070,0.0080,0.0070,0.0090,0.0110,0.0170,0.0130
"Jeonnam",Gwangyang,0.0130,0.0140,0.0170,0.0170,0.0150,0.0150,0.0130,0.0100,0.0120,0.0120,0.0190,0.0160,0.0160,0.018*,0.017*,0.016*,0.0140,0.0150,0.0100,0.0100,0.0080,0.011*,0.017*,0.013*,0.015*,0.0160,0.0150,0.0150,0.0150,0.0140,0.0110,0.0090,0.0090,0.0100,0.0140,0.0170,0.0140,0.0140,0.0130,0.0110,0.0110,0.0130,0.0110,0.0100,0.0080,0.0100,0.0130,0.0150,0.0140,0.0130,0.0130,0.0110,0.01*,0.013*,0.01*,0.009*,0.008*,0.011*,0.015*,0.015*,0.0160,0.0110,0.0140,0.0120,0.0110,0.0090,0.0080,0.0070,0.0060,0.0080,0.0130,0.0110
"Jeonnam",Suncheon,0.0150,0.0150,0.0180,0.0150,0.0120,0.0120,0.0090,0.0100,0.0100,0.010*,0.012*,0.011*,0.0120,0.0140,0.0140,0.0110,0.0100,0.0100,0.0080,0.0080,0.008*,0.0110,0.0200,0.0150,0.0130,0.0160,0.0130,0.0120,0.0110,0.0100,0.0070,0.0090,0.0090,0.0110,0.0150,0.0170,0.0140,0.0140,0.0110,0.0090,0.0090,0.0080,0.0080,0.0060,0.0090,0.012*,0.016*,0.0140,0.0160,0.0150,0.0140,0.0110,0.0080,0.0080,0.0070,0.0060,0.0070,0.0090,0.0130,0.0130,0.0120,0.0100,0.0110,0.0080,0.0070,0.0050,0.0060,0.0050,0.0060,0.0080,0.0150,0.0110
"Jeonnam",Mokpo,0.0170,0.0160,0.0160,0.0120,0.0120,0.0100,0.0080,0.0080,0.0100,0.0120,0.0170,0.0180,0.0160,0.0150,0.0130,0.0100,0.0070,0.0060,0.0040,0.0050,0.0080,0.0100,0.0190,0.0150,0.0140,0.0110,0.0130,0.0100,0.0100,0.0070,0.0060,0.0060,0.0070,0.0100,0.0130,0.0160,0.0140,0.0130,0.0110,0.0080,0.0070,0.0060,0.0060,0.0040,0.0070,0.0100,0.0130,0.0160,0.0150,0.0120,0.0100,0.008**,0.0060,0.0060,0.0050,0.0050,0.0060,0.0090,0.0150,0.0150,0.0130,0.0120,0.0120,0.0090,0.0070,0.0050,0.0050,0.0050,0.0070,0.0090,0.0160,0.0170
"Jeonnam",Yeongam,0.0140,0.0120,0.0140,0.0110,0.0080,0.0040,0.0030,0.0050,0.0080,0.0100,0.0150,0.0130,0.0120,0.0110,0.0110,0.0090,0.0080,0.0060,0.0060,0.0060,0.0120,0.0150,0.0210,0.0170,0.0170,0.0130,0.0150,0.0130,0.0120,0.0100,0.0070,0.0090,0.0130,0.0120,0.0130,0.0150,0.0130,0.0120,0.0110,0.0100,0.0070,0.0070,0.0060,0.0050,0.0080,0.0110,0.0140,0.0170,0.0150,0.0140,0.013**,0.011**,0.0070,0.0060,0.0040,0.0040,0.0040,0.0080,0.0110,0.0120,0.0130,0.0100,0.0080,0.0060,0.0060,0.0030,0.0030,0.0030,0.0040,0.0070,0.0100,0.0120
"Jeonnam",Naju,-,-,-,-,-,-,-,-,-,-,-,-,0.0160,0.0160,0.0110,0.0090,0.0080,0.0080,0.0070,0.0060,0.0090,0.0130,0.0210,0.0200,0.0180,0.0150,0.0130,0.0120,0.0100,0.0080,0.0060,0.0060,0.0060,0.0070,0.0130,0.0180,0.0170,0.0130,0.0110,0.0080,0.0070,0.0070,0.0050,0.0040,0.0080,0.0120,0.0130,0.0170,0.0160,0.0140,0.0110,0.0100,0.0090,0.0090,0.0070,0.0070,0.0080,0.0100,0.0150,0.0150,0.0140,0.0120,0.0090,0.0080,0.0070,0.0050,0.0060,0.0060,0.0080,0.0090,0.0130,0.0130
"Jeonnam",Damyang,-,-,-,-,-,-,-,-,-,-,-,-,0.0120,0.0130,0.0100,0.0080,0.0060,0.0060,0.0060,0.0060,0.0070,0.0070,0.0120,0.0120,0.0090,0.0110,0.0100,0.0080,0.0070,0.0050,0.0060,0.0060,0.0060,0.0060,0.0110,0.0120,0.0110,0.0110,0.0090,0.0080,0.0060,0.0060,0.0060,0.0040,0.0070,0.0100,0.0110,0.0130,0.0130,0.0110,0.0100,0.0090,0.0070,0.0070,0.0060,0.0050,0.0050,0.0080,0.0120,0.0120,0.0110,0.0100,0.0090,0.0080,0.0070,0.0050,0.0050,0.0050,0.0050,0.0080,0.0110,0.0110
"Jeonnam",Jangseong,-,-,-,-,-,-,-,-,-,-,-,-,0.0140,0.0180,0.0140,0.0120,0.0100,0.0090,0.0080,0.0080,0.0100,0.0140,0.0200,0.0170,0.0190,0.0170,0.0160,0.0140,0.0130,0.0100,0.0090,0.0090,0.0070,0.0130,0.0150,0.0160,0.0170,0.0140,0.0120,0.0110,0.0090,0.0080,0.0040,0.0060,0.0100,0.0130,0.0140,0.0160,0.0170,0.0160,0.0130,0.0120,0.009**,0.008*,0.0080,0.0080,0.0090,0.0110,0.0150,0.0150,0.0160,0.0140,0.0130,0.0110,0.0100,0.0080,0.0060,0.0070,0.0080,0.0100,0.0150,0.0160
"Jeonnam",Haenam,-,-,-,-,-,-,-,-,-,-,-,-,-,-,-,-,0.0100,0.0110,0.0080,0.0080,0.0100,0.0130,0.0190,0.0160,0.0130,0.0130,0.0140,0.0110,0.0110,0.0080,0.0060,0.0070,0.0070,0.0090,0.0110,0.0140,0.0120,0.0110,0.0100,0.0100,0.0070,0.0070,0.0060,0.0050,0.0080,0.0090,0.0100,0.0140,0.0120,0.0110,0.0110,0.0090,0.0080,0.0060,0.0060,0.0060,0.0070,0.0080,0.0100,0.0110,0.0080,0.0080,0.0080,0.0070,0.0060,0.0030,0.0030,0.0030,0.0050,0.0060,0.0090,0.0090
"Jeonnam",Yeonggwang,-,-,-,-,-,-,-,-,-,-,-,-,-,-,-,-,-,-,-,-,-,-,0.0170,0.0150,0.0160,0.0130,0.0120,0.0100,0.0070,0.0040,0.0040,0.0060,0.0070,0.0090,0.0120,0.0130,0.0130,0.0100,0.0080,0.0080,0.0070,0.0060,0.0070,0.0090,0.0100,0.0140,0.0100,0.0130,0.0120,0.0110,0.0100,0.0100,0.0070,0.0050,0.0040,0.0040,0.0050,0.0080,0.0110,0.0110,0.0110,0.0090,0.0090,0.0070,0.0060,0.0040,0.0040,0.0040,0.0050,0.0070,0.0110,0.0120
"Jeonnam",Jangheung,-,-,-,-,-,-,-,-,-,-,-,-,-,-,-,-,-,-,-,-,-,-,-,-,0.0110,0.0080,0.0080,0.0080,0.0060,0.0050,0.0040,0.0040,0.0060,0.0080,0.0110,0.0120,0.0100,0.0090,0.0090,0.0080,0.0060,0.0060,0.0060,0.0040,0.0070,0.0090,0.0100,0.0120,0.0110,0.0100,0.0110,0.0090,0.0070,0.0060,0.0040,0.0050,0.0060,0.0060,0.0090,0.0090,0.0090,0.0070,0.0080,0.0060,0.0060,0.0040,0.0040,0.0050,0.0060,0.0070,0.0110,0.0080
"Jeonnam",Jindo,-,-,-,-,-,-,-,-,-,-,-,-,-,-,-,-,-,-,-,-,-,-,-,-,-,0.0060,0.0100,0.0070,0.0060,0.0040,0.0030,0.0030,0.0030,0.0050,0.0060,0.0060,0.0060,0.0060,0.0060,0.0050,0.0040,0.0030,0.0030,0.0020,0.0040,0.0050,0.0050,0.0070,0.0070,0.0070,0.0070,0.0050,0.0040,0.0030,0.0030,0.0030,0.0030,0.0040,0.0070,0.0080,0.0070,0.0070,0.0060,0.0050,0.0050,0.0030,0.0030,0.0020,0.0040,0.0050,0.0070,0.0060
"Jeonnam",Wando,-,-,-,-,-,-,-,-,-,-,-,-,-,-,-,-,-,-,-,-,-,-,-,-,-,0.0070,0.0080,0.0060,0.0060,0.0050,0.0040,0.0040,0.0040,0.0050,0.0060,0.0060,0.0070,0.0060,0.0050,0.0050,0.0050,0.0050,0.0050,0.0040,0.0050,0.0060,0.0070,0.0070,0.0060,0.0060,0.0050,0.0040,0.0040,0.0040,0.0030,0.0030,0.0030,0.0040,0.0060,0.0060,0.0060,0.0060,0.0070,0.0060,0.0050,0.0040,0.0040,0.0040,0.0040,0.0040,0.0060,0.0050
"Jeonnam",Hampyeong,-,-,-,-,-,-,-,-,-,-,-,-,-,-,-,-,-,-,-,-,-,-,-,-,-,0.0130,0.0130,0.0100,0.0090,0.0060,0.0050,0.0050,0.0050,0.0080,0.0100,0.0120,0.0110,0.0090,0.0080,0.0070,0.0060,0.0050,0.0040,0.0030,0.0050,0.0080,0.0120,0.0110,0.0090,0.0100,0.0090,0.0070,0.0050,0.0050,0.0050,0.0040,0.0040,0.0060,0.0090,0.0110,0.0110,0.0090,0.0080,0.0070,0.0060,0.004*,0.0030,0.0040,0.0070,0.0080,0.0120,0.0100
"Jeonnam",Goheung,-,-,-,-,-,-,-,-,-,-,-,-,-,-,-,-,-,-,-,-,-,-,-,-,-,-,0.0070,0.0070,0.0060,0.0040,0.0030,0.0030,0.0060,0.0080,0.0100,0.0110,0.0100,0.0090,0.0070,0.0060,0.0040,0.0040,0.0040,0.0030,0.0060,0.0070,0.0080,0.0100,0.0090,0.0080,0.0070,0.0050,0.0040,0.0040,0.0040,0.0050,0.0060,0.0040,0.0130,0.0120,0.0090,0.0070,0.0070,0.0060,0.0050,0.0050,0.0040,0.0050,0.0050,0.0060,0.0090,0.0090
"Jeonnam",Sinan,-,-,-,-,-,-,-,-,-,-,-,-,-,-,-,-,-,-,-,-,-,-,-,-,-,-,0.0060,0.0050,0.0050,0.0040,0.0040,0.0050,0.0050,0.0060,0.0070,0.0060,0.0060,0.0050,0.0040,0.0040,0.0030,0.0030,0.0030,0.0030,0.0050,0.0060,0.0060,0.0070,0.0060,0.0060,0.0070,0.0050,0.0030,0.0030,0.0030,0.0030,0.0030,0.0040,0.0050,0.0060,0.0050,0.0040,0.0040,0.0040,0.0030,0.0030,0.0030,0.0020,0.0030,0.0040,0.0050,0.0050
"Jeonnam",Muan,-,-,-,-,-,-,-,-,-,-,-,-,-,-,-,-,-,-,-,-,-,-,-,-,-,-,0.0120,0.0100,0.0090,0.0060,0.0050,0.0040,0.0050,0.0060,0.0080,0.0090,0.0090,0.0080,0.0070,0.0060,0.0050,0.0040,0.0030,0.0030,0.0050,0.0070,0.0080,0.0100,0.0100,0.0090,0.0080,0.0070,0.0050,0.0050,0.0040,0.0040,0.0040,0.0060,0.0090,0.0110,0.0100,0.0080,0.0070,0.0060,0.0040,0.0030,0.0020,0.0030,0.0040,0.0060,0.0090,0.0100
"Jeonnam",Gangjin,-,-,-,-,-,-,-,-,-,-,-,-,-,-,-,-,-,-,-,-,-,-,-,-,-,-,-,-,-,0.0050,0.0040,0.0040,0.0050,0.0060,0.0090,0.0110,0.0100,0.0080,0.0070,0.0060,0.0050,0.0050,0.004*,0.0030,0.0040,0.0070,0.008*,0.0110,0.0100,0.0100,0.0090,0.0070,0.0060,0.0040,0.0040,0.0030,0.0040,0.0060,0.0080,0.0100,0.0090,0.0080,0.0080,0.0060,0.0050,0.0040,0.0030,0.0030,0.005**,-,0.010*,0.0090
"Jeonnam",Gokseong,-,-,-,-,-,-,-,-,-,-,-,-,-,-,-,-,-,-,-,-,-,-,-,-,-,-,-,-,-,-,-,-,0.0040,0.0050,0.009*,0.010*,0.0100,0.0090,0.0080,0.0070,0.0050,0.0040,0.0040,0.0030,0.0040,0.0070,0.0110,0.0120,0.0110,0.0100,0.0090,0.0070,0.0050,0.0040,0.0040,0.0040,0.0040,0.0060,0.0100,0.0110,0.0100,0.0080,0.0080,0.0060,0.0060,0.0050,0.0040,0.0030,0.0040,0.0050,0.0090,0.0100
"Jeonnam",Gurye,-,-,-,-,-,-,-,-,-,-,-,-,-,-,-,-,-,-,-,-,-,-,-,-,-,-,-,-,-,-,0.0060,0.0060,0.0060,0.0070,0.0120,0.0140,0.0130,0.0100,0.0100,0.0090,0.0070,0.0070,0.0060,0.0050,0.0060,0.0080,0.0110,0.0130,0.0120,0.0130,0.0110,0.0080,0.0070,0.0060,0.0040,0.0040,0.0040,0.0060,0.0080,0.0100,0.0120,0.0080,0.0080,0.0060,0.0070,0.0050,0.0050,0.0040,0.0040,0.0060,0.0090,0.0090
"Jeonnam",Boseong,-,-,-,-,-,-,-,-,-,-,-,-,-,-,-,-,-,-,-,-,-,-,-,-,-,-,-,-,-,-,-,-,0.0060,0.0060,0.0100,0.0110,0.0110,0.0100,0.0080,0.0060,0.0050,0.0050,0.0050,0.0030,0.0050,0.0070,0.0090,0.010*,0.0100,0.0110,0.0080,0.0060,0.0050,0.0050,0.0040,0.0040,0.0050,0.0060,0.0090,0.0100,0.0090,0.0080,0.0090,0.0070,0.0060,0.0040,0.0040,0.0040,0.0050,0.0060,0.0100,0.0080
"Jeonnam",Average for provinces,0.0160,0.0160,0.0190,0.0160,0.0140,0.0130,0.0100,0.0100,0.0120,0.0120,0.0180,0.0170,0.0160,0.0170,0.0150,0.0130,0.0110,0.0110,0.0080,0.0080,0.0100,0.0130,0.0200,0.0160,0.0150,0.0150,0.0130,0.0120,0.0110,0.0090,0.0070,0.0070,0.0080,0.0090,0.0130,0.0150,0.0130,0.0120,0.0100,0.0090,0.0080,0.0080,0.0070,0.0060,0.0080,0.0100,0.0130,0.0140,0.0130,0.0130,0.0110,0.0090,0.0070,0.0070,0.0060,0.0060,0.0060,0.0090,0.0120,0.0120,0.0120,0.0100,0.0110,0.0090,0.0080,0.0060,0.0050,0.0050,0.0060,0.0080,0.0130,0.0110
"Gyeongbuk",Yeongdeok,-,-,-,-,-,-,-,-,-,-,-,-,-,-,-,-,-,-,-,-,-,-,-,-,-,-,-,-,-,-,-,-,-,-,-,0.008**,0.0080,0.0070,0.0060,0.0050,0.0040,0.0050,0.0030,0.0040,0.0030,0.0040,0.0070,0.008*,0.0070,0.0070,0.0060,0.0050,0.0050,0.0040,0.0030,0.0030,0.0030,0.0040,0.0060,0.0070,0.0090,0.0070,0.0070,0.0050,0.0050,0.0050,0.004**,0.0040,0.0030,0.0040,0.0060,0.0070
"Gyeongbuk",Yeongcheon,-,-,-,-,-,-,-,-,-,-,-,-,-,-,-,-,-,-,-,-,-,-,-,-,0.0200,0.0200,0.0180,0.0140,0.0140,0.0110,0.0100,0.0100,0.0100,0.0120,0.0190,0.0220,0.0200,0.0160,0.0120,0.0090,0.0080,0.0090,0.0080,0.0070,0.0080,0.0130,0.0200,0.0200,0.0190,0.0160,0.0140,0.0120,0.0110,0.0090,0.0080,0.0080,0.0100,0.0110,0.0160,0.0170,0.0180,0.0140,0.0130,0.0100,0.0100,0.0070,0.0070,0.0070,0.0070,0.0130,0.0190,0.0150
"Gyeongbuk",Uiseong,-,-,-,-,-,-,-,-,-,-,-,-,-,-,-,-,-,-,-,-,-,-,-,-,-,-,-,-,-,-,-,-,-,-,-,-,0.011**,0.0140,0.0110,0.0080,0.0070,0.0070,0.0050,0.0050,0.0060,0.0100,0.0150,0.0170,0.0170,0.0130,0.0110,0.0070,0.0060,0.0050,0.0050,0.0050,0.0050,0.0080,0.0120,0.0140,0.0140,0.0110,0.0080,0.0070,0.0060,0.0050,0.0040,0.0050,0.0040,0.0060,0.0100,0.0130
"Gyeongbuk",Ulleung-do,-,-,-,-,-,-,-,-,-,-,-,-,-,-,-,-,-,-,-,-,-,-,-,-,-,-,-,-,-,-,0.006**,0.0060,0.0050,0.0040,0.007*,0.0070,0.0060,0.0060,0.0050,0.0050,0.0050,0.0040,0.0040,0.0060,0.0060,0.0070,0.0070,0.0080,0.0070,0.0070,0.0070,0.0060,0.0070,0.0060,0.0060,0.0050,0.0050,0.0060,0.0070,0.0070,0.0080,0.0060,0.0060,0.0060,0.0050,0.0040,0.0050,0.0050,0.0050,0.0060,0.0060,0.0060
"Gyeongbuk",Pohang,0.0160,0.0150,0.0150,0.0110,0.0120,0.0110,0.0120,0.013*,0.0140,0.0140,0.0180,0.0180,0.0170,0.0160,0.0160,0.0140,0.0140,0.0130,0.0110,0.0100,0.0120,0.0140,0.0190,0.0180,0.0180,0.0170,0.0160,0.0160,0.0190,0.0150,0.0090,0.0110,0.0110,0.0110,0.0160,0.0180,0.0170,0.0160,0.0150,0.0120,0.0110,0.0120,0.0110,0.0100,0.0120,0.0140,0.0160,0.0160,0.0160,0.0140,0.0150,0.0130,0.0120,0.0110,0.0100,0.0110,0.0110,0.0130,0.0160,0.0160,0.0150,0.0120,0.0140,0.0120,0.011*,0.009*,0.0090,0.0090,0.0090,0.0110,0.0150,0.0130
"Gyeongbuk",Gumi,0.0230,0.0230,0.0230,0.0180,0.0160,0.0130,0.0130,0.0100,0.0140,0.0140,0.0210,0.0220,0.0220,0.0230,0.0180,0.0140,0.0130,0.0120,0.0110,0.0120,0.0130,0.0190,0.0280,0.0240,0.0220,0.0170,0.0160,0.0160,0.0160,0.0120,0.0100,0.0100,0.0110,0.0150,0.0210,0.0230,0.0190,0.0170,0.0160,0.0130,0.0100,0.0110,0.0100,0.0090,0.0120,0.0160,0.020*,0.0220,0.0210,0.0190,0.0170,0.0130,0.0120,0.0120,0.0100,0.0090,0.0090,0.0130,0.0200,0.0190,0.0200,0.0150,0.0160,0.0110,0.0100,0.0070,0.0070,0.0070,0.0090,0.0120,0.0210,0.0180
"Gyeongbuk",Gimcheon,0.0110,0.0180,0.0190,0.0160,0.0150,0.0120,0.0090,0.0070,0.010**,0.007**,0.0110,0.0100,0.0100,0.0120,0.0110,0.0070,0.0060,0.0060,0.004**,-,0.006*,0.0100,0.0180,0.0170,0.0130,0.017*,0.0150,0.0130,0.0110,0.0090,0.0070,0.0070,0.0070,0.0090,0.0160,0.0160,0.0150,0.0150,0.0140,0.0110,0.0100,0.0100,0.0090,0.0080,0.0090,0.0130,0.0160,0.0160,0.0170,0.0150,0.0130,0.0110,0.0090,0.0090,0.0090,0.0070,0.0080,0.0110,0.0150,0.0170,0.0180,0.0130,0.0140,0.0100,0.0080,0.0070,0.007*,0.007*,0.008*,0.009*,0.0150,0.0140
"Gyeongbuk",Gyeongju,0.0180,0.0130,0.0150,0.0100,0.0090,0.0150,0.0160,0.0120,0.0150,0.0160,0.0240,0.0220,0.0220,0.0230,0.0200,0.0160,0.0160,0.0150,0.0130,0.0120,0.0140,0.0170,0.0270,0.0240,0.0220,0.0230,0.0190,0.0170,0.0170,0.013**,0.0090,0.0090,0.0090,0.0110,0.0150,0.0170,0.0150,0.0140,0.0120,0.0100,0.0090,0.0110,0.0090,0.0090,0.0080,0.0110,0.0150,0.0140,0.0130,0.0120,0.0120,0.0100,0.0100,0.0090,0.0080,0.0070,0.0070,0.0100,0.0150,0.0140,0.0150,0.0110,0.0120,0.0100,0.011*,0.008*,0.0080,0.0070,0.0070,0.0100,0.0140,0.0120
"Gyeongbuk",Andong,0.0180,0.0180,0.0180,0.0150,0.0130,0.0110,0.0110,0.0080,0.0120,0.0130,0.0220,0.0260,0.0250,0.0230,0.0180,0.0130,0.0110,0.0100,0.0080,0.0070,0.0100,0.0130,0.008**,-,-,0.017*,0.0130,0.0110,0.0100,0.0110,0.0060,0.0080,0.0070,0.0080,0.0070,0.0100,0.019*,0.0170,0.0110,0.0110,0.0080,0.0080,0.0050,0.0080,0.0070,0.0120,0.0160,0.0200,0.0170,0.0150,0.0110,0.0080,0.0070,0.0070,0.0050,0.0060,0.0050,0.0080,0.0130,0.0170,0.0190,0.0110,0.0090,0.0080,0.0060,0.0060,0.0070,0.0080,0.0070,0.0090,0.0140,0.0160
"Gyeongbuk",Yeongju,0.0220,0.0200,0.0200,0.0150,0.0110,0.0110,0.0080,0.0070,0.0100,0.0120,0.0200,0.0180,0.0120,0.0160,0.0100,0.0100,0.0080,0.0070,0.0090,0.0100,0.0110,0.0150,0.0220,0.0230,0.0250,0.0210,0.0170,0.0160,0.0140,0.0120,0.0090,0.0090,0.0100,0.0140,0.0200,0.022**,0.021**,0.0160,0.0140,0.0130,0.0100,0.0090,0.0080,0.0070,0.0080,0.0100,0.0080,0.0070,0.0070,0.0070,0.0080,0.0050,0.0040,0.0040,0.0060,0.0060,0.0030,0.0070,0.0120,0.0140,0.0170,0.0130,0.0120,0.0100,0.0090,0.0070,0.0070,0.0070,0.0060,0.0100,0.0160,0.0160
"Gyeongbuk",Gyeongsan,0.0200,0.0180,0.0160,0.0130,0.0120,0.0090,0.0100,0.0090,0.0120,0.0120,0.0180,0.0170,0.0150,0.0150,0.0130,0.0090,0.0080,0.0080,0.0080,0.0060,0.0080,0.0110,0.0160,0.0150,0.0150,0.0140,0.0110,0.0090,0.0080,0.0070,0.0060,0.0070,0.0070,0.0100,0.0120,0.0130,0.012*,0.0110,0.0080,0.0070,0.0060,0.0060,0.0060,0.0050,0.0060,0.0100,0.0110,0.0130,0.0110,0.0100,0.0080,0.0060,0.0060,0.0060,0.0060,0.0060,0.0060,0.0090,0.0120,0.0120,0.0120,0.0100,0.0100,0.0080,0.007*,0.0060,0.0070,0.0070,0.0070,0.0110,0.0160,0.0140
"Gyeongbuk",Sangju,-,-,-,-,-,-,-,-,-,-,-,0.018**,0.0160,0.0190,0.0120,0.0100,0.0090,0.0080,0.0060,0.0080,0.0090,0.0120,0.0190,0.0180,0.0170,0.0150,0.0140,0.0110,0.0100,0.0090,0.0090,0.0070,0.0090,0.0110,0.0170,0.0180,0.0180,0.0140,0.0120,0.0080,0.0080,0.0080,0.0070,0.0070,0.0080,0.0110,0.0150,0.0140,0.0140,0.0140,0.0120,0.0090,0.0070,0.0070,0.0080,0.0070,0.0080,0.0110,0.0150,0.0140,0.0130,0.0120,0.0140,0.0090,0.0070,0.0060,0.0050,0.0060,0.0080,0.0100,0.0160,0.0130
"Gyeongbuk",Chilgok,-,-,-,-,-,-,-,-,-,-,-,0.024**,0.0230,0.0230,0.0200,0.0150,0.0140,0.0130,0.0110,0.0100,0.0140,0.0200,0.0280,0.0220,0.0220,0.0220,0.0220,0.0170,0.0170,0.0140,0.0120,0.0110,0.0140,0.0160,0.0220,0.0210,0.0200,0.0160,0.0140,0.0110,0.0090,0.0100,0.0100,0.0080,0.0100,0.0140,0.0150,0.0160,0.0180,0.0160,0.0190,0.0180,0.0150,0.0140,0.0110,0.0110,0.0110,0.0150,0.0190,0.0190,0.0190,0.0170,0.0190,0.0130,0.0140,0.0090,0.0100,0.0100,0.0120,0.0140,0.0230,0.0200
"Gyeongbuk",Uljin,-,-,-,-,-,-,-,-,-,-,-,-,-,-,-,-,-,-,-,-,-,-,-,-,-,0.011*,0.0100,0.0070,0.0070,0.0070,0.0060,0.0060,0.0060,0.0070,0.0090,0.0110,0.0110,0.0100,0.0070,0.0070,0.0050,0.0050,0.0050,0.0050,0.0050,0.0070,0.0100,0.0120,0.0100,0.0090,0.0080,0.0060,0.0050,0.0040,0.0040,0.0040,0.0040,0.0060,0.0090,0.0090,0.0110,0.0090,0.0090,0.0060,0.0050,0.0040,0.0050,0.0050,0.0050,0.0060,0.0090,0.0090
"Gyeongbuk",Bonghwa,-,-,-,-,-,-,-,-,-,-,-,-,-,-,-,-,-,-,-,-,-,-,-,-,-,-,-,-,0.0080,0.0050,0.0050,0.0040,0.0030,0.0050,0.0070,0.0110,0.0090,0.0090,0.0080,0.0080,0.0050,0.0070,0.0040,0.0050,0.0050,0.0060,0.0100,0.0130,0.0090,0.0100,0.009*,0.009*,0.0070,0.0050,0.0040,0.0040,0.0040,0.0050,0.0090,0.0110,0.0130,0.0100,0.0090,0.0080,0.0070,0.0040,0.0040,0.0040,0.0040,0.0050,0.009*,0.0110
"Gyeongbuk",Goryeong,-,-,-,-,-,-,-,-,-,-,-,-,-,-,-,-,-,-,-,-,-,-,-,-,-,-,-,-,-,-,-,-,-,0.0080,0.0100,0.0130,0.0130,0.0100,0.0090,0.0080,0.0060,0.0070,0.0060,0.0050,0.0050,0.0080,0.0100,0.0090,0.0090,0.0060,0.0060,0.004**,0.0050,0.0050,0.0030,0.0030,0.0040,0.0050,0.008*,0.0080,0.0080,0.0070,0.0080,0.0070,0.0060,0.0050,0.0050,0.0040,0.0040,0.0060,0.0090,0.0090
"Gyeongbuk",Gunwi,-,-,-,-,-,-,-,-,-,-,-,-,-,-,-,-,-,-,-,-,-,-,-,-,-,-,-,-,-,-,-,-,-,-,-,-,0.010**,0.0100,0.0080,0.0070,0.0050,0.0060,0.0040,0.0040,0.0040,0.0060,0.0100,0.0110,0.0110,0.0090,0.0070,0.0050,0.0050,0.0050,0.0040,0.0040,0.0050,0.0040,0.0070,0.0070,0.0100,0.0080,0.0070,0.0040,0.0050,0.0040,0.0030,0.003*,0.0020,0.0040,0.0080,0.0100
"Gyeongbuk",Seongju,-,-,-,-,-,-,-,-,-,-,-,-,-,-,-,-,-,-,-,-,-,-,-,-,-,-,-,-,-,-,-,-,-,-,-,-,-,-,0.0170,0.0150,0.0130,0.0130,0.0100,0.0090,0.0130,0.0180,0.0210,0.0200,0.0180,0.0160,0.0140,0.0120,0.0090,0.0120,0.0090,0.0060,0.0090,0.0140,0.0190,0.0150,0.0190,0.0160,0.0170,0.0110,0.0100,0.0060,0.0090,0.0080,0.0110,0.0150,0.0200,0.0180
"Gyeongbuk",Yecheon,-,-,-,-,-,-,-,-,-,-,-,-,-,-,-,-,-,-,-,-,-,-,-,-,-,-,-,-,-,-,-,-,-,-,-,-,-,-,0.0070,0.0070,0.0050,0.0050,0.0050,0.0050,0.0060,0.0090,0.0120,0.0140,0.0120,0.0110,0.0090,0.0060,0.0060,0.0050,0.0040,0.0040,0.0050,0.0070,0.0110,0.0120,0.0130,0.0100,0.0090,0.0070,0.0050,0.0040,0.0040,0.0040,0.0040,0.0060,0.0110,0.0110
"Gyeongbuk",Cheongdo,-,-,-,-,-,-,-,-,-,-,-,-,-,-,-,-,-,-,-,-,-,-,-,-,-,-,-,-,-,-,-,-,-,-,-,-,-,0.0110,0.0090,0.0080,0.0080,0.0120,0.0080,0.0050,0.0060,0.0090,0.0110,0.0120,0.0110,0.0110,0.0090,0.0090,0.0080,0.0080,0.0060,0.0060,0.0060,0.0080,0.0110,0.0120,0.0130,0.0090,0.0090,0.0090,0.0080,0.0060,0.0070,0.0060,0.0060,0.0080,0.0110,0.0120
"Gyeongbuk",Cheongsong,-,-,-,-,-,-,-,-,-,-,-,-,-,-,-,-,-,-,-,-,-,-,-,-,-,-,-,-,-,-,-,-,-,-,-,-,-,-,0.005**,0.0050,0.0040,0.0050,0.0030,0.0040,0.0040,0.0060,0.0100,0.0120,0.0090,0.0090,0.0060,0.0050,0.0050,0.0040,0.0030,0.0030,0.0040,0.0050,0.0080,0.0080,0.0090,0.0070,0.0050,0.0050,0.0050,0.0040,0.0040,0.0040,0.0030,0.0040,0.0070,0.0080
"Gyeongbuk",Yeongyang,-,-,-,-,-,-,-,-,-,-,-,-,-,-,-,-,-,-,-,-,-,-,-,-,-,-,-,-,-,-,-,-,-,-,-,-,-,-,0.0060,0.0060,0.0040,0.0040,0.0030,0.0040,0.0040,0.0060,0.0090,0.0120,0.0090,0.0080,0.0060,0.0060,0.0040,0.0030,0.0030,0.0030,0.0030,0.0040,0.0070,0.0090,0.0100,0.0080,0.0060,0.0040,0.0040,0.0030,0.0030,0.0030,0.0030,0.0050,0.0070,0.0100
"Gyeongbuk",Mungyeong,-,-,-,-,-,-,-,-,-,-,-,-,-,-,-,-,-,-,-,-,-,-,-,-,-,-,-,-,-,-,-,-,-,-,-,-,-,0.019*,0.0160,0.0110,0.0080,0.0090,0.0070,0.0080,0.0110,0.0170,0.0210,0.0220,0.0200,0.0180,0.0160,0.0110,0.0100,0.0080,0.0070,0.0080,0.0080,0.0140,0.0190,0.0200,0.0190,0.0160,0.0150,0.0100,0.0100,0.0070,0.0050,0.0070,0.0080,0.0120,0.0190,0.0170
"Gyeongbuk",Average for provinces,0.0190,0.0180,0.0180,0.0140,0.0130,0.0120,0.0120,0.0100,0.0130,0.0140,0.0190,0.0190,0.0180,0.0190,0.0160,0.0130,0.0120,0.0110,0.0100,0.0100,0.0120,0.0150,0.0220,0.0200,0.0200,0.0170,0.0160,0.0140,0.0140,0.0110,0.0090,0.0090,0.0090,0.0110,0.0160,0.0170,0.0160,0.0140,0.0120,0.0100,0.0080,0.0090,0.0080,0.0070,0.0090,0.0120,0.0140,0.0150,0.0140,0.0130,0.0120,0.0100,0.0090,0.0080,0.0070,0.0070,0.0070,0.0100,0.0140,0.0140,0.0150,0.0110,0.0120,0.0090,0.0080,0.0070,0.0070,0.0070,0.0070,0.0090,0.0140,0.0130
"Gyeongnam",Changwon,0.0250,0.0230,0.0250,0.0210,0.0200,0.0180,0.0150,0.0140,0.0190,0.0170,0.0270,0.0270,0.0250,0.0250,0.0210,0.0190,0.0170,0.0170,0.0140,0.0130,0.0130,0.0200,0.0310,0.0250,0.0250,0.0230,0.0210,0.0190,0.0200,0.0170,0.0140,0.0140,0.0150,0.0170,0.0250,0.0280,0.0230,0.0220,0.0170,0.0150,0.0130,0.0130,0.0140,0.0110,0.0130,0.0180,0.0220,0.0240,0.0220,0.0190,0.0170,0.0150,0.0130,0.0140,0.011*,0.010*,0.0110,0.0160,0.0240,0.0240,0.0250,0.0180,0.0200,0.0160,0.0140,0.0100,0.0120,0.0110,0.0120,0.0150,0.0240,0.0220
"Gyeongnam",Jinju,0.0200,0.0170,0.0190,0.0160,0.0190,0.0150,0.0120,0.0110,0.0110,0.0110,0.0190,0.0200,0.0180,0.0190,0.0160,0.0140,0.0110,0.0120,0.0110,0.0090,0.0090,0.0130,0.0200,0.0160,0.0190,0.0160,0.0170,0.0120,0.0130,0.0120,0.0110,0.0120,0.0100,0.0120,0.0170,0.0200,0.0170,0.0160,0.0120,0.0120,0.0110,0.0110,0.0100,0.0090,0.0090,0.013*,0.017*,0.0200,0.0180,0.0180,0.0140,0.013*,0.012*,0.011*,0.008**,0.007*,0.0080,0.0120,0.0190,0.0190,0.0210,0.0160,0.0160,0.0120,0.0110,0.0090,0.009*,0.010*,0.007*,0.0120,0.0200,0.0200
"Gyeongnam",Hadong,0.0130,0.0120,0.0140,0.0120,0.0120,0.0100,0.0090,0.0060,0.0060,0.0080,0.0110,0.0120,0.0110,0.0140,0.0130,0.0120,0.0100,0.0090,0.0080,0.0060,0.0060,0.0070,0.0110,0.0100,0.0090,0.0080,0.0060,0.0090,0.0070,0.0060,-,-,-,0.0060,0.0110,0.0120,0.0110,0.0100,0.009*,0.0080,0.0080,0.0090,0.0080,0.0080,0.0060,0.0070,0.0110,0.0130,0.0120,0.0100,0.0100,0.0090,0.0090,0.0100,0.0060,0.0050,0.0050,0.0070,0.0100,0.0110,0.0120,0.0100,0.0130,0.0110,0.0110,0.0080,0.0070,0.0070,0.0060,0.0070,0.0110,0.0100
"Gyeongnam",Gimhae,0.0230,0.0210,0.0220,0.0190,0.0210,0.0170,0.0150,0.0120,0.0160,0.0150,0.0260,0.0220,0.0220,0.0260,0.0230,0.0220,0.0210,0.0210,0.0180,0.0150,0.0160,0.0190,0.0290,0.0240,0.0220,0.0200,0.0190,0.0190,0.0200,0.0160,0.0120,0.0120,0.0140,0.0150,0.0230,0.0260,0.0210,0.0230,0.0180,0.0130,0.0110,0.0130,0.0120,0.0100,0.0130,0.019*,0.0220,0.0230,0.0230,0.0210,0.0190,0.0170,0.0150,0.0160,0.0110,0.0110,0.0110,0.0160,0.0250,0.0250,0.0240,0.0170,0.0200,0.0180,0.0150,0.0110,0.0130,0.0110,0.0130,0.0150,0.0230,0.0210
"Gyeongnam",Yangsan,0.0260,0.0240,0.0260,0.0220,0.0250,0.0200,0.0170,0.0150,0.0200,0.0180,0.0310,0.0260,0.0250,0.0230,0.0210,0.0200,0.0180,0.0200,0.0170,0.0140,0.0150,0.0210,0.0300,0.0260,0.0260,0.0220,0.0220,0.0210,0.0210,0.0170,0.0150,0.0140,0.0140,0.0170,0.0240,0.0260,0.0220,0.0220,0.0180,0.0150,0.0150,0.0150,0.0150,0.0120,0.0140,0.0190,0.0240,0.0240,0.0190,0.0190,0.0170,0.0160,0.0150,0.0150,0.011*,0.010*,0.0110,0.0150,0.0220,0.0220,0.0230,0.0170,0.0190,0.0170,0.0150,0.0110,0.0120,0.0120,0.0110,0.0140,0.0240,0.0210
"Gyeongnam",Geoje,0.0150,0.0140,0.0170,0.0140,0.0200,0.0150,0.0140,0.0100,0.0130,0.0120,0.0160,0.0140,0.017**,-,0.0180,0.0160,0.0150,0.0150,0.0140,0.0100,0.0140,0.0150,0.0210,0.0180,0.0160,0.0180,0.0160,0.0160,0.0170,0.0160,0.0110,0.0120,0.0160,0.0150,0.0170,0.0180,0.0170,0.0150,0.0130,0.0120,0.0120,0.0150,0.0130,0.0090,0.0110,0.0130,0.0150,0.016**,0.013*,0.0110,0.0120,0.0100,0.0090,0.0090,0.0070,0.0070,0.0070,0.0090,0.0110,0.0110,0.0140,0.0100,0.0120,0.0090,0.0080,0.0060,0.0080,0.006**,0.008**,0.009*,0.0140,0.0140
"Gyeongnam",Sacheon,0.0210,0.0230,0.0250,0.0250,0.0310,0.0160,0.0100,0.0080,0.0090,0.0110,0.0180,0.0200,0.0190,0.0190,0.0160,0.0120,0.0100,0.0090,0.0090,0.0080,0.0100,0.0130,0.0210,0.0190,0.0200,0.0170,0.0140,0.0130,0.0110,0.0100,0.0090,0.0090,0.0090,0.0120,0.0180,0.0220,0.0190,0.0180,0.0130,0.0110,0.0080,0.0080,0.0080,0.0070,0.0080,0.0110,0.0150,0.018*,0.0140,0.0130,0.0110,0.0090,0.0080,0.0080,0.0070,0.0060,0.0060,0.0080,0.0130,0.0140,0.0170,0.0120,0.0130,0.0110,0.0110,0.0110,0.007**,0.0100,0.0090,0.0100,0.0150,0.0140
"Gyeongnam",Miryang,-,-,-,-,-,-,-,-,-,-,0.020*,0.0140,0.0170,0.0210,0.0170,0.0150,0.0140,0.0150,0.0110,0.0100,0.0110,0.0150,0.0230,0.0220,0.0240,0.0200,0.0200,0.0160,0.0160,0.0130,0.0120,0.0100,0.0100,0.0120,0.0190,0.0230,0.0200,0.0170,0.0150,0.0130,0.0120,0.0120,0.0110,0.0090,0.0090,0.0120,0.0180,0.0200,0.0180,0.0140,0.0140,0.0130,0.0120,0.0110,0.0090,0.0090,0.0090,0.0110,0.0190,0.0200,0.0190,0.0150,0.0140,0.0120,0.0110,0.0090,0.0090,0.0090,0.0070,0.0090,0.0150,0.0160
"Gyeongnam",Tongyeong,-,-,-,-,-,-,-,-,-,-,0.014*,0.0170,0.0170,0.0190,0.0200,0.0150,0.0110,0.0100,0.0090,0.0090,0.0110,0.0160,0.0270,0.0230,0.0250,0.0220,0.0190,0.0160,0.0150,0.0110,0.0100,0.0110,0.0120,0.0140,0.0220,0.0270,0.0240,0.0210,0.0160,0.0140,0.0110,0.0110,0.0110,0.0080,0.0100,0.0150,0.0180,0.0230,0.0190,0.0170,0.0160,0.0140,0.0110,0.0100,0.0080,0.0080,0.0100,0.0140,0.0210,0.0230,0.0260,0.0150,0.0150,0.0090,0.0120,0.0090,0.0080,0.0090,0.0100,0.0120,0.0190,0.0200
"Gyeongnam",Goseong,-,-,-,-,-,-,-,-,-,-,-,-,-,-,-,-,-,-,-,-,-,-,-,-,0.0190,0.0160,0.0150,0.0130,0.0110,0.0100,0.0090,0.0090,0.0100,0.0110,0.0160,0.0200,0.0180,0.0140,0.0120,0.0110,0.0090,0.0080,0.0080,0.0070,0.0080,0.0100,0.0130,0.0170,0.0140,0.0140,0.0120,0.0100,0.0090,0.0080,0.0070,0.0070,0.0080,0.0100,0.0160,0.0170,0.0190,0.0130,0.0130,0.0100,0.0090,0.0070,0.0080,0.0080,0.0080,0.0090,0.0140,0.0140
"Gyeongnam",Geochang,-,-,-,-,-,-,-,-,-,-,-,-,-,-,-,-,-,-,-,-,-,-,-,-,0.0200,0.0160,0.0160,0.0130,0.0120,0.0100,0.0090,0.0090,0.0090,-,0.0170,0.0200,0.0180,0.0140,0.0130,0.0110,0.0100,0.0100,0.0080,0.0070,0.0080,0.0110,0.0150,0.0160,0.0150,0.0130,0.0110,0.0100,0.0080,0.0080,0.0070,0.0070,0.0070,0.0100,0.0160,0.0160,0.0170,0.0140,0.0150,0.0110,0.009*,0.008*,0.0080,0.0070,0.0090,0.0120,0.0190,0.0180
"Gyeongnam",Haman,-,-,-,-,-,-,-,-,-,-,-,-,-,-,-,-,-,-,-,-,-,-,-,-,0.0190,0.0130,0.0140,0.0120,0.0110,0.0090,0.0080,0.0080,0.0090,-,0.0150,0.0200,0.0180,0.0140,0.0130,0.0110,0.0080,0.0080,0.0080,0.0060,0.0080,0.0100,0.0140,0.0170,0.0160,0.0140,0.0100,0.0100,0.0080,0.0080,0.0080,0.0070,0.0090,0.0090,0.0130,0.0160,0.0180,0.0140,0.0120,0.0100,0.0090,0.0070,0.0070,0.0070,0.0080,0.0090,0.0130,0.0150
"Gyeongnam",Hamyang,-,-,-,-,-,-,-,-,-,-,-,-,-,-,-,-,-,-,-,-,-,-,-,-,0.0120,0.0130,0.0120,0.0110,0.0090,0.0090,0.0080,0.0070,0.0080,0.0090,0.0130,0.0140,0.0140,0.0110,0.0100,0.0100,0.0080,0.0080,0.0070,0.0060,0.0070,0.0090,0.0110,0.0110,0.0110,0.0090,0.0090,0.0090,0.0080,0.0080,0.0070,0.0060,0.0070,0.0080,0.0110,0.0110,0.0120,0.0110,0.0120,0.0090,0.0080,0.0080,0.0070,0.0060,0.0070,0.0070,0.0120,0.0110
"Gyeongnam",Namhae,-,-,-,-,-,-,-,-,-,-,-,-,-,-,-,-,-,-,-,-,-,-,-,-,0.0150,0.0130,0.0110,0.0100,0.0100,0.0080,0.0070,0.0080,0.0070,0.0090,0.0120,0.0150,0.0130,0.0100,0.0100,0.010*,0.0080,0.0080,0.0070,0.0060,0.0070,0.0090,0.0120,0.0130,0.0100,0.0100,0.0080,0.0090,0.0080,0.0070,0.0060,0.0060,0.0060,0.0080,0.0100,0.0120,0.0130,0.0100,0.0110,0.0080,0.0080,0.0060,0.0060,0.0060,0.0060,0.0080,0.0100,0.0110
"Gyeongnam",Sancheong,-,-,-,-,-,-,-,-,-,-,-,-,-,-,-,-,-,-,-,-,-,-,-,-,-,-,-,-,-,-,-,-,-,-,0.0120,0.0150,0.0130,0.0100,0.0090,0.0080,0.0060,0.0070,0.0060,0.0060,0.0060,0.0080,0.0110,0.0120,0.0150,0.0110,0.0090,0.0080,0.0070,0.0070,0.0060,0.0050,0.0060,0.0090,0.0120,0.0120,0.0130,0.0100,0.0110,0.0090,0.0080,0.0060,0.0050,0.0060,0.0070,0.0090,0.0130,0.0110
"Gyeongnam",Uiryeong,-,-,-,-,-,-,-,-,-,-,-,-,-,-,-,-,-,-,-,-,-,-,-,-,-,-,-,-,-,-,-,-,-,-,0.0120,0.0140,0.0130,0.0100,0.0090,0.0080,0.0080,0.0070,0.0060,0.0050,0.0050,0.0080,0.0110,0.0130,0.0110,0.0110,0.0080,0.0080,0.0070,0.0080,0.0050,0.0050,0.0050,0.0080,0.0110,0.0110,0.0130,0.0090,0.0100,0.0080,0.0070,0.0050,0.0050,0.0050,0.0050,0.0070,0.0120,0.0110
"Gyeongnam",Changnyeong,-,-,-,-,-,-,-,-,-,-,-,-,-,-,-,-,-,-,-,-,-,-,-,-,-,-,-,-,-,-,-,-,-,-,0.0180,0.0200,0.0180,0.0170,0.0140,0.0120,0.0100,0.0110,0.0100,0.0090,0.0100,0.0140,0.0180,0.0180,0.0180,0.0150,0.0140,0.0120,0.0110,0.0110,0.0080,0.0080,0.0080,0.0120,0.0170,0.0180,0.0180,0.0130,0.0150,0.0110,0.0110,0.0080,0.0090,0.0090,0.0080,0.0100,0.0180,0.0160
"Gyeongnam",Hapcheon,-,-,-,-,-,-,-,-,-,-,-,-,-,-,-,-,-,-,-,-,-,-,-,-,-,-,-,-,-,-,-,-,-,-,0.0100,0.0130,0.0140,0.0110,0.0090,0.0080,0.0070,0.0070,0.0070,0.0060,0.0060,0.0070,0.0090,0.0120,0.0110,0.0140,0.0110,0.0100,0.0090,0.0100,0.009**,-,0.010*,0.0100,0.0120,0.0130,0.0150,0.0120,0.0110,0.0090,0.0080,0.0060,0.0060,0.0060,0.0060,0.0080,0.0120,0.0130
"Gyeongnam",Average for provinces,0.0230,0.0210,0.0230,0.0200,0.0210,0.0170,0.0140,0.0120,0.0160,0.0140,0.0240,0.0230,0.0220,0.0230,0.0200,0.0180,0.0160,0.0160,0.0130,0.0120,0.0120,0.0170,0.0270,0.0220,0.0210,0.0190,0.0180,0.0160,0.0160,0.0140,0.0120,0.0120,0.0120,0.0140,0.0200,0.0230,0.0190,0.0180,0.0150,0.0120,0.0110,0.0110,0.0110,0.0090,0.0100,0.0140,0.0180,0.0200,0.0180,0.0160,0.0140,0.0130,0.0110,0.0120,0.0090,0.0080,0.0090,0.0120,0.0180,0.0190,0.0200,0.0150,0.0160,0.0130,0.0120,0.0090,0.0100,0.0090,0.0100,0.0120,0.0190,0.0180
"Jeju Special Self-governing Province",Jeju,0.0130,0.0130,0.0160,0.0150,0.0150,0.0120,0.0090,0.009**,0.010*,0.0090,0.0150,0.0130,0.0150,0.0150,0.0160,0.0120,0.0120,0.0090,0.0070,0.0060,0.0090,0.0110,0.0160,0.0130,0.0150,0.0140,0.0170,0.0150,0.0130,0.0120,0.0090,0.0100,0.0110,0.0110,0.0130,0.0140,0.0140,0.0130,0.0120,0.0110,0.0110,0.0120,0.0100,0.0080,0.0090,0.0100,0.0130,0.0140,0.0090,0.0110,0.0110,0.0100,0.0100,0.0090,0.0060,0.0070,0.0070,0.0090,0.0110,0.0110,0.0100,0.0090,0.0110,0.0100,0.0090,0.0070,0.0060,0.0060,0.0070,0.0080,0.0100,0.0090
"Jeju Special Self-governing Province",Seogwipo,0.0120,0.0110,0.0110,0.0090,0.0070,0.0060,0.0040,0.0060,0.0060,0.0050,0.0080,0.0070,0.0070,0.0080,0.0080,0.0080,0.0060,0.0060,0.0050,0.0050,0.0050,0.0070,0.0100,0.0070,0.0090,0.0080,0.0090,0.0080,0.0070,0.0060,0.0040,0.0050,0.0050,0.0050,0.0070,0.0080,0.0080,0.0070,0.0060,0.0070,0.0060,0.0050,0.0050,0.0040,0.0050,0.0060,0.0070,0.0080,0.0060,0.0070,0.0070,0.0060,0.0060,0.0050,0.0040,0.0040,0.0040,0.0050,0.0070,0.0070,0.0070,0.0070,0.0070,0.0060,0.0060,0.0040,0.0040,0.0040,0.0040,0.0050,0.0060,0.0060
"Jeju Special Self-governing Province",Average for provinces,0.0130,0.0120,0.0140,0.0130,0.0120,0.0100,0.0070,0.007*,0.0080,0.0070,0.0110,0.0100,0.0110,0.0120,0.0120,0.0100,0.0090,0.0080,0.0060,0.0060,0.0070,0.0090,0.0130,0.0100,0.0120,0.0110,0.0120,0.0100,0.0100,0.0080,0.0060,0.0070,0.0070,0.0080,0.0090,0.0100,0.0100,0.0090,0.0080,0.0080,0.0070,0.0080,0.0060,0.0050,0.0070,0.0080,0.0090,0.0100,0.0080,0.0090,0.0090,0.0080,0.0080,0.0070,0.0050,0.0050,0.0060,0.0070,0.0090,0.0090,0.0080,0.0080,0.0090,0.0080,0.0070,0.0060,0.0050,0.0050,0.0060,0.0060,0.0080,0.0070
